0,FourPoint,0.85731195688367001,1131393
0,SixPoint,1.0732394529610936,3510349
0,CV_SevenPoint,1.4135158307928868,1090548
0,CV_EightPoint,1.4074341899621241,763608
1,FourPoint,0.43564123080675199,1187902
1,SixPoint,0.1570209190233898,3573284
1,CV_SevenPoint,1.4148791894358748,1084003
1,CV_EightPoint,1.4075238508358214,770197
2,FourPoint,0.10181104715543902,1122149
2,SixPoint,0.99273731479711735,3590768
2,CV_SevenPoint,1.4211581263491406,1089916
2,CV_EightPoint,1.4243649565244911,771593
3,FourPoint,0.75148725865763888,1190656
3,SixPoint,0.54146897994718124,3603953
3,CV_SevenPoint,1.4075116436515387,1119671
3,CV_EightPoint,1.4088004940576742,764561
4,FourPoint,0.21153461632142501,1164665
4,SixPoint,1.6593393925076647,3477813
4,CV_SevenPoint,1.4181200185782525,1098510
4,CV_EightPoint,1.4156163164289941,768967
5,FourPoint,0.80720801587653046,1158559
5,SixPoint,1.4439460983620371,3560745
5,CV_SevenPoint,1.4030322012563166,1112074
5,CV_EightPoint,1.4056452085536757,769093
6,FourPoint,0.82885706486198985,1155131
6,SixPoint,0.79668917095187286,3478869
6,CV_SevenPoint,1.399081230359537,1106023
6,CV_EightPoint,1.4082139287293172,766937
7,FourPoint,1.5714391723238099,1178461
7,SixPoint,1.2769053456740209,3544295
7,CV_SevenPoint,1.4156251906380657,1092907
7,CV_EightPoint,1.418512823950431,769490
8,FourPoint,1.3968604463651253,1143963
8,SixPoint,1.5248381557008219,3630600
8,CV_SevenPoint,1.4081652699484808,1090828
8,CV_EightPoint,1.4141415132673791,765085
9,FourPoint,1.6066035125441978,1156355
9,SixPoint,0.92974019470900027,3535996
9,CV_SevenPoint,1.4015914642905116,1101142
9,CV_EightPoint,1.4093852613762503,762329
10,FourPoint,0.61007158018157293,1179427
10,SixPoint,1.266824842027233,3534860
10,CV_SevenPoint,1.4268895035820266,1075846
10,CV_EightPoint,1.4120624596564166,774316
11,FourPoint,1.4780320752864675,1131041
11,SixPoint,0.8770083312974043,3498425
11,CV_SevenPoint,1.4206310963007294,1092510
11,CV_EightPoint,1.417152955497738,763836
12,FourPoint,0.76494122036060042,1167623
12,SixPoint,0.96632220034770833,3540518
12,CV_SevenPoint,1.41760223813216,1127302
12,CV_EightPoint,1.4121011998387822,769887
13,FourPoint,0.65741195059212065,1152433
13,SixPoint,1.507814045064823,3519571
13,CV_SevenPoint,1.4105501947772505,1088121
13,CV_EightPoint,1.4094753368709971,765974
14,FourPoint,1.6452203878405915,1177454
14,SixPoint,1.556279481336355,3553242
14,CV_SevenPoint,1.4107251996207784,1111461
14,CV_EightPoint,1.4087131383564044,766453
15,FourPoint,0.22469711032458939,1170357
15,SixPoint,0.79224055732071086,3576983
15,CV_SevenPoint,1.4108804200913987,1104182
15,CV_EightPoint,1.4115200299605639,767351
16,FourPoint,1.6656028837763746,1191838
16,SixPoint,1.2805965679580849,3600226
16,CV_SevenPoint,1.4130260529282155,1110969
16,CV_EightPoint,1.4099443681714938,766445
17,FourPoint,0.62891101635390911,1202864
17,SixPoint,1.1728818803899363,3540765
17,CV_SevenPoint,1.4116242116262261,1097691
17,CV_EightPoint,1.4262793743868072,777027
18,FourPoint,0.70729605518868954,1168545
18,SixPoint,0.73383623922524444,3560231
18,CV_SevenPoint,1.4138544645829962,1088137
18,CV_EightPoint,1.4110370938220698,764629
19,FourPoint,0.29950373310709655,1158573
19,SixPoint,1.4584339610937465,3561161
19,CV_SevenPoint,1.4050951639842439,1076165
19,CV_EightPoint,1.4162806199866402,765536
20,FourPoint,0.71694693988714908,1145396
20,SixPoint,1.1872215146563729,3533571
20,CV_SevenPoint,1.4158223718771172,1100387
20,CV_EightPoint,1.4159887120961627,768384
21,FourPoint,0.62156170708244918,1181310
21,SixPoint,1.0978915291189719,3556755
21,CV_SevenPoint,1.4069096187834644,1075708
21,CV_EightPoint,1.4087380307099118,767388
22,FourPoint,0.83389553705670316,1157381
22,SixPoint,1.593439253619938,3571003
22,CV_SevenPoint,1.4212943131918612,1108889
22,CV_EightPoint,1.4191763941451414,764814
23,FourPoint,0.35619598499928151,1186535
23,SixPoint,1.729015887102251,3514942
23,CV_SevenPoint,1.407109986978059,1099299
23,CV_EightPoint,1.4172700741267621,765293
24,FourPoint,1.3630576194704611,1149101
24,SixPoint,1.5173555890454846,3503284
24,CV_SevenPoint,1.4126092984153145,1070664
24,CV_EightPoint,1.4238541581684951,772273
25,FourPoint,0.26655844536367573,1165929
25,SixPoint,1.5246436175018676,3605366
25,CV_SevenPoint,1.4109081765791993,1086008
25,CV_EightPoint,1.4164078035582872,765285
26,FourPoint,0.66874388839471899,1129230
26,SixPoint,1.4078246198434832,3525591
26,CV_SevenPoint,1.416851157090339,1125692
26,CV_EightPoint,1.4125725047702204,766527
27,FourPoint,1.408267741560749,1197881
27,SixPoint,1.5051587379187967,3510579
27,CV_SevenPoint,1.4171166336887591,1111028
27,CV_EightPoint,1.408871381685437,771868
28,FourPoint,0.22297440319349762,1128477
28,SixPoint,0.60903002998320865,3540951
28,CV_SevenPoint,1.4162059669050706,1081952
28,CV_EightPoint,1.4060311989530647,766530
29,FourPoint,0.63744832284274244,1173340
29,SixPoint,1.577969530507888,3518745
29,CV_SevenPoint,1.4178498114330169,1120597
29,CV_EightPoint,1.4168617961131258,765886
30,FourPoint,0.083231641509827342,1190658
30,SixPoint,1.2331212162326326,3557922
30,CV_SevenPoint,1.4134755290374881,1101035
30,CV_EightPoint,1.419503352514276,769961
31,FourPoint,0.07410310962639928,1163243
31,SixPoint,1.1104737804285107,3575543
31,CV_SevenPoint,1.4084994666488055,1111232
31,CV_EightPoint,1.4167355875059233,764713
32,FourPoint,0.73106038159989117,1149708
32,SixPoint,0.7502654286920506,3567674
32,CV_SevenPoint,1.4083537598609179,1101489
32,CV_EightPoint,1.4096288452383301,761344
33,FourPoint,0.10044143951354488,1147127
33,SixPoint,0.69853625001048314,3558331
33,CV_SevenPoint,1.3969519117832068,1119762
33,CV_EightPoint,1.4168137294165171,767796
34,FourPoint,0.26683901787094444,1152673
34,SixPoint,0.77196530103667482,3513008
34,CV_SevenPoint,1.4209118422926503,1105236
34,CV_EightPoint,1.4152947841166703,763941
35,FourPoint,0.98060897665880276,1148126
35,SixPoint,1.3895370979874795,3614864
35,CV_SevenPoint,1.4117072817652792,1088422
35,CV_EightPoint,1.4070668640160926,767262
36,FourPoint,0.61622285259209475,1175969
36,SixPoint,1.4719560724992458,3569853
36,CV_SevenPoint,1.4163748901945603,1109209
36,CV_EightPoint,1.4147441687235238,765195
37,FourPoint,0.50352168490392302,1142426
37,SixPoint,0.96825311403632741,3541949
37,CV_SevenPoint,1.4039744823759983,1101761
37,CV_EightPoint,1.4165598009325997,761498
38,FourPoint,0.38285812375790268,1167495
38,SixPoint,1.0495553977892818,3591952
38,CV_SevenPoint,1.4045162227185106,1116012
38,CV_EightPoint,1.4160133193096824,770578
39,FourPoint,1.363725387046439,1139514
39,SixPoint,1.3143080165941792,3617828
39,CV_SevenPoint,1.4184305551054799,1058694
39,CV_EightPoint,1.4104109746463247,768870
40,FourPoint,0.49854940006118942,1166552
40,SixPoint,1.3611779094641283,3537348
40,CV_SevenPoint,1.4270729349083877,1073600
40,CV_EightPoint,1.414392439951254,769711
41,FourPoint,0.31159794420270903,1145315
41,SixPoint,0.21119351728321803,3567486
41,CV_SevenPoint,1.4048609277241177,1098196
41,CV_EightPoint,1.4236310426760557,765205
42,FourPoint,0.42562351599086634,1122073
42,SixPoint,0.96696907785019048,3558797
42,CV_SevenPoint,1.4079134516000997,1095183
42,CV_EightPoint,1.4004442528614782,766000
43,FourPoint,0.92203274392410939,1146734
43,SixPoint,1.5414485745020587,3521180
43,CV_SevenPoint,1.4096024238729907,1088047
43,CV_EightPoint,1.4245383870911934,775764
44,FourPoint,0.51367065522947797,1180992
44,SixPoint,1.0969243121258772,3548351
44,CV_SevenPoint,1.4091759648306408,1066274
44,CV_EightPoint,1.4023869620130429,772775
45,FourPoint,0.31615835345165122,1172054
45,SixPoint,1.5784893295944733,3562476
45,CV_SevenPoint,1.4103451441086319,1112531
45,CV_EightPoint,1.4285461667408703,767823
46,FourPoint,0.91533386194898558,1185737
46,SixPoint,0.51725604087530941,3481972
46,CV_SevenPoint,1.4189349166110317,1097909
46,CV_EightPoint,1.399977829829997,771529
47,FourPoint,1.3383451860728939,1193135
47,SixPoint,0.9007624535146237,3602802
47,CV_SevenPoint,1.4117810977467702,1088848
47,CV_EightPoint,1.4150475285618032,759462
48,FourPoint,1.2613332575210892,1154335
48,SixPoint,1.518323505005184,3465833
48,CV_SevenPoint,1.3403056033538623,1071273
48,CV_EightPoint,1.4152639084892458,766775
49,FourPoint,0.58286869464058266,1128145
49,SixPoint,0.91296753326880731,3554108
49,CV_SevenPoint,1.4214069154269449,1116452
49,CV_EightPoint,1.411749813646805,767427
50,FourPoint,0.87738967600883533,1182633
50,SixPoint,0.92633405045588424,3570938
50,CV_SevenPoint,1.4212017179573988,1114959
50,CV_EightPoint,1.4111882807635421,768124
51,FourPoint,1.07399448590964,1166057
51,SixPoint,1.3820980629019579,3503196
51,CV_SevenPoint,1.4176513893144234,1122411
51,CV_EightPoint,1.4087008150451303,768889
52,FourPoint,1.3586691043235295,1138509
52,SixPoint,1.1965040739399366,3529358
52,CV_SevenPoint,1.4001006004586249,1123086
52,CV_EightPoint,1.4095596795729699,775794
53,FourPoint,0.27579985109975735,1138634
53,SixPoint,1.4030334273242018,3505848
53,CV_SevenPoint,1.4236084112924148,1073104
53,CV_EightPoint,1.412910230157677,769197
54,FourPoint,0.99874957154699551,1144551
54,SixPoint,0.36198315000911535,3583117
54,CV_SevenPoint,1.4153645831941313,1112074
54,CV_EightPoint,1.409573145944389,767302
55,FourPoint,0.21267775474223141,1189810
55,SixPoint,0.98264137444873223,3534048
55,CV_SevenPoint,1.4125812303846113,1087383
55,CV_EightPoint,1.417393464443091,764154
56,FourPoint,0.76513509166132199,1183414
56,SixPoint,0.56663454930552137,3529846
56,CV_SevenPoint,1.4144502124958782,1035662
56,CV_EightPoint,1.4108010667855366,769752
57,FourPoint,0.33632564901683276,1134342
57,SixPoint,1.0830912550411476,3554957
57,CV_SevenPoint,1.4047212410178678,1098518
57,CV_EightPoint,1.4173135288128398,767705
58,FourPoint,1.0424419883250995,1166445
58,SixPoint,1.1201627134591305,3572083
58,CV_SevenPoint,1.424868272509896,1124562
58,CV_EightPoint,1.4157121645553701,764264
59,FourPoint,0.22039365186984014,1172289
59,SixPoint,0.92665326865282061,3522155
59,CV_SevenPoint,1.4121941114904311,1085990
59,CV_EightPoint,1.4066039425849561,768182
60,FourPoint,0.19068685430996907,1148739
60,SixPoint,0.51212396272304173,3520378
60,CV_SevenPoint,1.4127041379402838,1078182
60,CV_EightPoint,1.4105326997818299,769224
61,FourPoint,0.94196926410410575,1173782
61,SixPoint,1.4939867542554681,3508990
61,CV_SevenPoint,1.3865448684876509,1075676
61,CV_EightPoint,1.4264280883866833,769307
62,FourPoint,0.6618391608843045,1156292
62,SixPoint,1.3275625568363845,3575868
62,CV_SevenPoint,1.4150542489866653,1118616
62,CV_EightPoint,1.4123397729137364,765019
63,FourPoint,1.7067144817630648,1177158
63,SixPoint,0.96869830239696486,3589444
63,CV_SevenPoint,1.4164220690664071,1069004
63,CV_EightPoint,1.4108309240992567,782889
64,FourPoint,1.5614445253525304,1164224
64,SixPoint,1.6494679364662008,3497014
64,CV_SevenPoint,1.4104645947943151,1110585
64,CV_EightPoint,1.420463530345319,768322
65,FourPoint,0.97168467018294391,1200569
65,SixPoint,1.2802190136409124,3534339
65,CV_SevenPoint,1.4130346169039913,1075303
65,CV_EightPoint,1.4076485249518846,768719
66,FourPoint,0.50618453867316238,1142856
66,SixPoint,0.66451154307258464,3542637
66,CV_SevenPoint,1.4099891905280069,1102517
66,CV_EightPoint,1.4053125551929293,777708
67,FourPoint,0.92239395345227704,1112457
67,SixPoint,0.68255823665384208,3529072
67,CV_SevenPoint,1.4179026662884724,1117778
67,CV_EightPoint,1.4032719309141968,764181
68,FourPoint,0.4247003368211329,1161942
68,SixPoint,1.0545048435325093,3569953
68,CV_SevenPoint,1.4292801377439239,1115802
68,CV_EightPoint,1.4237155945414615,767122
69,FourPoint,1.5057722711690507,1171080
69,SixPoint,0.83077318002162337,3550094
69,CV_SevenPoint,1.4144427054826978,1108987
69,CV_EightPoint,1.4109994708809028,765109
70,FourPoint,0.45116582488647711,1173528
70,SixPoint,0.93366025846019107,3595428
70,CV_SevenPoint,1.4059407424241361,1130657
70,CV_EightPoint,1.4299537206885131,764726
71,FourPoint,0.47362584398813284,1124019
71,SixPoint,1.2386477034269501,3528918
71,CV_SevenPoint,1.407275765802559,1058606
71,CV_EightPoint,1.4039805861796166,770302
72,FourPoint,0.6223958462969732,1126625
72,SixPoint,1.6261222401593884,3444980
72,CV_SevenPoint,1.415645392789677,1078709
72,CV_EightPoint,1.4094841679789702,764800
73,FourPoint,0.63356413487377627,1189176
73,SixPoint,1.5566066085648442,3550427
73,CV_SevenPoint,1.4140936352858811,1064890
73,CV_EightPoint,1.4164530355275036,770815
74,FourPoint,0.28341778946741925,1161282
74,SixPoint,1.5369106861571606,3586901
74,CV_SevenPoint,1.4075015695300312,1099996
74,CV_EightPoint,1.409151204396013,771810
75,FourPoint,1.4833275130533232,1188931
75,SixPoint,1.2503231936606913,3578370
75,CV_SevenPoint,1.4232334016844537,1079677
75,CV_EightPoint,1.4118154509372374,762740
76,FourPoint,1.134121607417766,1194303
76,SixPoint,1.0226666012053047,3577716
76,CV_SevenPoint,1.4192764083742908,1115250
76,CV_EightPoint,1.4039976169881032,767460
77,FourPoint,0.77696046639068639,1179879
77,SixPoint,1.4247871175441424,3578648
77,CV_SevenPoint,1.4098328803794935,1111006
77,CV_EightPoint,1.4176685763646777,773703
78,FourPoint,0.47993080461720039,1164221
78,SixPoint,1.2224131105282532,3567251
78,CV_SevenPoint,1.4174982663658464,1099787
78,CV_EightPoint,1.4137084289102591,780313
79,FourPoint,0.12653122668461209,1139921
79,SixPoint,1.2736825042874955,3566527
79,CV_SevenPoint,1.4278303115086148,1110318
79,CV_EightPoint,1.4142170878859781,770808
80,FourPoint,1.1814337034883662,1185272
80,SixPoint,1.3355259442023621,3575563
80,CV_SevenPoint,1.402245200393357,1099996
80,CV_EightPoint,1.4164612786884525,769212
81,FourPoint,0.299896634550057,1171016
81,SixPoint,1.0049214437994327,3567631
81,CV_SevenPoint,1.4132606886059467,1110996
81,CV_EightPoint,1.4158362351607876,761132
82,FourPoint,0.14311582689774902,1192084
82,SixPoint,1.1420690870067072,3545957
82,CV_SevenPoint,1.4202556047002479,1084264
82,CV_EightPoint,1.4099766966018188,769618
83,FourPoint,1.3782981908827387,1147565
83,SixPoint,1.682751774559645,3555608
83,CV_SevenPoint,1.4169646953302175,1106550
83,CV_EightPoint,1.4138188231483944,770324
84,FourPoint,0.11507340430281481,1171996
84,SixPoint,0.72328666048812473,3593256
84,CV_SevenPoint,1.4183550428428544,1071719
84,CV_EightPoint,1.4300068476466232,763974
85,FourPoint,0.99288283156658574,1125140
85,SixPoint,0.77165863592329764,3497925
85,CV_SevenPoint,1.4158649625271635,1109158
85,CV_EightPoint,1.4162834904602786,768859
86,FourPoint,0.84277883995147385,1151951
86,SixPoint,0.98848283964775085,3618433
86,CV_SevenPoint,1.4059199045130939,1087909
86,CV_EightPoint,1.428383883355564,768739
87,FourPoint,1.5526421123214134,1165747
87,SixPoint,0.79461981405342708,3574165
87,CV_SevenPoint,1.4121289217501396,1119900
87,CV_EightPoint,1.4192336483292476,764205
88,FourPoint,0.70126950916145991,1144279
88,SixPoint,1.1939825781707745,3602154
88,CV_SevenPoint,1.414857675241763,1109320
88,CV_EightPoint,1.4122250880573688,769187
89,FourPoint,0.53476587141072585,1178956
89,SixPoint,0.26280777389704291,3574544
89,CV_SevenPoint,1.4205499255508585,1077099
89,CV_EightPoint,1.4079042821499865,778859
90,FourPoint,0.2342309255455656,1195278
90,SixPoint,1.4886461199538341,3510924
90,CV_SevenPoint,1.4080644211951869,1082157
90,CV_EightPoint,1.4174177027725074,771058
91,FourPoint,1.6467947228394924,1165769
91,SixPoint,0.91512023077452243,3602422
91,CV_SevenPoint,1.4114512312648548,1083374
91,CV_EightPoint,1.4248409701538829,771257
92,FourPoint,0.38858002721119533,1142158
92,SixPoint,1.2235659129198682,3544979
92,CV_SevenPoint,1.4094502196078798,1092499
92,CV_EightPoint,1.4173160376681431,773078
93,FourPoint,1.3515622267425864,1141501
93,SixPoint,0.12379760409919575,3541498
93,CV_SevenPoint,1.4087204723697637,1108167
93,CV_EightPoint,1.4124432795873014,770413
94,FourPoint,0.41944933277746094,1140473
94,SixPoint,0.86208719596524264,3571264
94,CV_SevenPoint,1.4273461665684242,1081328
94,CV_EightPoint,1.4041381314352233,771717
95,FourPoint,0.90526066835989849,1168290
95,SixPoint,1.4377532581525829,3609402
95,CV_SevenPoint,1.4183785825018422,1105913
95,CV_EightPoint,1.4067924121127653,767864
96,FourPoint,0.94458462897486006,1141196
96,SixPoint,1.1618093170644845,3577645
96,CV_SevenPoint,1.4124801020544928,1107874
96,CV_EightPoint,1.4103626404431193,770135
97,FourPoint,1.5529203585981464,1151023
97,SixPoint,1.4997402614492916,3508859
97,CV_SevenPoint,1.4213072997213529,1079491
97,CV_EightPoint,1.3809501254863092,765215
98,FourPoint,0.90182486882219159,1169681
98,SixPoint,1.6655700362372021,3527209
98,CV_SevenPoint,1.4158768712838985,1127420
98,CV_EightPoint,1.4181868837277725,772078
99,FourPoint,0.79014198918746981,1164135
99,SixPoint,0.54764016918427483,3531542
99,CV_SevenPoint,1.408766660445393,1091747
99,CV_EightPoint,1.4086598211643935,766209
100,FourPoint,0.11615623963889464,1163260
100,SixPoint,1.4338346605733014,3541232
100,CV_SevenPoint,1.4204388293986951,1107894
100,CV_EightPoint,1.4117619293555888,772082
101,FourPoint,1.3941549461464822,1205821
101,SixPoint,1.1984072809858097,3532921
101,CV_SevenPoint,1.420941126278964,1104229
101,CV_EightPoint,1.4186870036976367,768372
102,FourPoint,1.3948679109986939,1190525
102,SixPoint,1.3371865056484804,3500612
102,CV_SevenPoint,1.4134610436399138,1100491
102,CV_EightPoint,1.4182153111681532,772664
103,FourPoint,1.6059420202465466,1140432
103,SixPoint,0.95709480797026725,3543035
103,CV_SevenPoint,1.4160352105301777,1106029
103,CV_EightPoint,1.4051968349846882,768431
104,FourPoint,1.3002982897236137,1170208
104,SixPoint,0.91431705591481327,3531049
104,CV_SevenPoint,1.4000993721927888,1121638
104,CV_EightPoint,1.4161082033795704,766591
105,FourPoint,0.52027331804929311,1124500
105,SixPoint,0.88671621002091905,3515409
105,CV_SevenPoint,1.4123384370710279,1097816
105,CV_EightPoint,1.4267434884430679,770603
106,FourPoint,0.24053117171743443,1160667
106,SixPoint,1.5504304301969005,3502104
106,CV_SevenPoint,1.4008166993968036,1109317
106,CV_EightPoint,1.4045185267675704,763150
107,FourPoint,0.16316700299643425,1168674
107,SixPoint,1.1445189099948938,3618014
107,CV_SevenPoint,1.4073064377398004,1113905
107,CV_EightPoint,1.4128123359999392,764490
108,FourPoint,1.5206593249510982,1135321
108,SixPoint,1.6449501355680645,3474422
108,CV_SevenPoint,1.4128115415763345,1103354
108,CV_EightPoint,1.4218981652003406,790872
109,FourPoint,1.4505756068274995,1138316
109,SixPoint,1.5288123172573054,3553364
109,CV_SevenPoint,1.4097684468856837,1095413
109,CV_EightPoint,1.4119347809000038,767866
110,FourPoint,0.069653090192740047,1193079
110,SixPoint,0.85376913257925457,3538146
110,CV_SevenPoint,1.4109755820833672,1094703
110,CV_EightPoint,1.4069106391726991,762400
111,FourPoint,0.37572467041598595,1170961
111,SixPoint,1.2800433468276895,3560941
111,CV_SevenPoint,1.4147028667244819,1057492
111,CV_EightPoint,1.4235821252577936,765805
112,FourPoint,1.6983098581335874,1138153
112,SixPoint,1.0978294849649484,3523682
112,CV_SevenPoint,1.4144878169332149,1094073
112,CV_EightPoint,1.3986762655342682,780468
113,FourPoint,1.1870100280744706,1137501
113,SixPoint,1.6367580152951724,3493505
113,CV_SevenPoint,1.414174285400329,1105328
113,CV_EightPoint,1.3989910407992456,769776
114,FourPoint,0.40815440200343273,1184121
114,SixPoint,1.064129400413836,3584539
114,CV_SevenPoint,1.412275123008339,1088715
114,CV_EightPoint,1.4131360334043077,767692
115,FourPoint,0.11109001622897709,1167387
115,SixPoint,1.6089891287703362,3581056
115,CV_SevenPoint,1.4087469830987056,1111357
115,CV_EightPoint,1.4230496041809986,781313
116,FourPoint,1.2555199710716105,1162715
116,SixPoint,0.93748427962483083,3543267
116,CV_SevenPoint,1.4195593341829573,1084872
116,CV_EightPoint,1.41999375319969,766894
117,FourPoint,0.25439200189845768,1160780
117,SixPoint,0.9020755524572629,3620443
117,CV_SevenPoint,1.4171546695066537,1083134
117,CV_EightPoint,1.407378358642428,767302
118,FourPoint,1.3194561216222604,1142638
118,SixPoint,0.72628710581645317,3597507
118,CV_SevenPoint,1.4184320167220568,1083460
118,CV_EightPoint,1.4126312009593549,766758
119,FourPoint,1.6482842911690694,1178282
119,SixPoint,1.3116798327373758,3548635
119,CV_SevenPoint,1.4082266998818653,1108547
119,CV_EightPoint,1.4062355965297113,772712
120,FourPoint,0.39496419501406776,1169265
120,SixPoint,1.1340764723754533,3599612
120,CV_SevenPoint,1.4201506177821448,1086896
120,CV_EightPoint,1.4168800985827319,769247
121,FourPoint,0.54184277360366051,1193796
121,SixPoint,1.2552324712249698,3585359
121,CV_SevenPoint,1.4088608998048353,1133169
121,CV_EightPoint,1.4206579319100974,765264
122,FourPoint,1.4085323441859798,1175027
122,SixPoint,1.6315940174439498,3545359
122,CV_SevenPoint,1.4149004281030881,1088367
122,CV_EightPoint,1.4174773819926136,773822
123,FourPoint,1.6075877538221528,1146565
123,SixPoint,1.4900607448203531,3441198
123,CV_SevenPoint,1.4090036233591474,1103077
123,CV_EightPoint,1.4055404393515973,765661
124,FourPoint,0.57678290879746574,1143250
124,SixPoint,1.2524310002566208,3556472
124,CV_SevenPoint,1.4119044534513601,1106640
124,CV_EightPoint,1.4115700496981218,764448
125,FourPoint,0.97165377391534324,1129258
125,SixPoint,1.4956634721046889,3498602
125,CV_SevenPoint,1.4146709210071484,1111026
125,CV_EightPoint,1.421425754294845,768436
126,FourPoint,1.704153133107966,1102864
126,SixPoint,0.87710095257167475,3496165
126,CV_SevenPoint,1.4059421626888133,1077964
126,CV_EightPoint,1.4288643452428698,764934
127,FourPoint,0.10183055059816344,1153889
127,SixPoint,1.6177314900466013,3602133
127,CV_SevenPoint,1.4247638599129908,1088365
127,CV_EightPoint,1.4139304268646009,772488
128,FourPoint,0.8428122914799947,1157864
128,SixPoint,1.6099928253493243,3541731
128,CV_SevenPoint,1.4051616257743442,1081394
128,CV_EightPoint,1.4161976841940478,764639
129,FourPoint,0.67328483460306388,1138196
129,SixPoint,1.1558446566292075,3465834
129,CV_SevenPoint,1.4063631829708236,1149205
129,CV_EightPoint,1.3981009921163092,769136
130,FourPoint,0.1627652049917491,1167868
130,SixPoint,1.6038451378720169,3550545
130,CV_SevenPoint,1.4237916699220821,1109489
130,CV_EightPoint,1.4105207493454623,769622
131,FourPoint,0.61340680241398471,1137448
131,SixPoint,1.7003779351859338,3589193
131,CV_SevenPoint,1.4172644312985072,1111274
131,CV_EightPoint,1.4024680533778917,763934
132,FourPoint,0.67380068792090353,1179914
132,SixPoint,1.1103009502259862,3502588
132,CV_SevenPoint,1.4150550851124795,1086058
132,CV_EightPoint,1.4082823806843927,766319
133,FourPoint,1.6413064991592563,1149713
133,SixPoint,1.5421630402375421,3578691
133,CV_SevenPoint,1.4258882736702794,1056867
133,CV_EightPoint,1.417158366233054,765507
134,FourPoint,0.079099581621338177,1154621
134,SixPoint,1.0912560412219754,3536990
134,CV_SevenPoint,1.4175520148251477,1118360
134,CV_EightPoint,1.39926113708873,766003
135,FourPoint,1.1711875206630273,1170531
135,SixPoint,0.94530879013301228,3546261
135,CV_SevenPoint,1.4112715588376239,1140338
135,CV_EightPoint,1.4183476057405522,772516
136,FourPoint,0.71404288582546771,1173981
136,SixPoint,1.2923087570672844,3569775
136,CV_SevenPoint,1.4306792510346102,1067726
136,CV_EightPoint,1.4213366099831535,764989
137,FourPoint,0.13730222996131256,1166884
137,SixPoint,1.4669690241367648,3512067
137,CV_SevenPoint,1.4185353283310405,1083959
137,CV_EightPoint,1.4143172756955451,769738
138,FourPoint,0.17855546202332528,1185203
138,SixPoint,1.3802761698308619,3578004
138,CV_SevenPoint,1.3991573042328098,1088976
138,CV_EightPoint,1.4131215444531917,776671
139,FourPoint,0.32564565035989801,1140958
139,SixPoint,1.4860004546926213,3541273
139,CV_SevenPoint,1.4168519526088139,1110552
139,CV_EightPoint,1.4070102226106895,771251
140,FourPoint,1.7004798970769022,1160968
140,SixPoint,1.4717647016432933,3601907
140,CV_SevenPoint,1.4209975122445377,1066300
140,CV_EightPoint,1.4194973761977603,770628
141,FourPoint,0.42746493083159653,1181598
141,SixPoint,1.674119783587811,3558902
141,CV_SevenPoint,1.4019539215979155,1089346
141,CV_EightPoint,1.3967520875030994,773686
142,FourPoint,1.7202710116920641,1134680
142,SixPoint,0.24283013464028391,3574889
142,CV_SevenPoint,1.4203175448937764,1131446
142,CV_EightPoint,1.4236046283238384,764315
143,FourPoint,0.26071659734137415,1163689
143,SixPoint,1.4382266841817066,3581771
143,CV_SevenPoint,1.4149889778315869,1108674
143,CV_EightPoint,1.4170416997085311,765844
144,FourPoint,0.8986191434771803,1155583
144,SixPoint,0.79726006708728014,3548441
144,CV_SevenPoint,1.4191811894521997,1085043
144,CV_EightPoint,1.4130898411555888,767507
145,FourPoint,0.10117321604422488,1194509
145,SixPoint,1.6540585492541255,3597796
145,CV_SevenPoint,1.4246164394116774,1077833
145,CV_EightPoint,1.4125934434359224,764048
146,FourPoint,1.3828894037457438,1178644
146,SixPoint,0.93587461306118735,3532904
146,CV_SevenPoint,1.4162928873846399,1107102
146,CV_EightPoint,1.4110136289913284,760102
147,FourPoint,0.51330164477231155,1152729
147,SixPoint,1.5403122485024923,3571569
147,CV_SevenPoint,1.4136919353956816,1083747
147,CV_EightPoint,1.4225381028086581,767931
148,FourPoint,0.55948121929984362,1153714
148,SixPoint,1.014426299989138,3524064
148,CV_SevenPoint,1.4106743904630208,1098794
148,CV_EightPoint,1.4163007236138392,764659
149,FourPoint,0.75776281475713625,1176906
149,SixPoint,0.9653765166014695,3618519
149,CV_SevenPoint,1.4073716585992813,1090631
149,CV_EightPoint,1.412825153522755,769538
150,FourPoint,0.53257750721078556,1146610
150,SixPoint,0.61681942049308058,3454703
150,CV_SevenPoint,1.4170186704549295,1116763
150,CV_EightPoint,1.4163892403104994,771532
151,FourPoint,0.5776186470262874,1144754
151,SixPoint,1.2233613066462863,3584585
151,CV_SevenPoint,1.4215392053067333,1079062
151,CV_EightPoint,1.4104749489687631,770801
152,FourPoint,0.11967700264747777,1153470
152,SixPoint,1.4421848670683781,3590950
152,CV_SevenPoint,1.4072134200746806,1118002
152,CV_EightPoint,1.4072323254784813,762378
153,FourPoint,0.39399403805868927,1158964
153,SixPoint,1.6052755160786891,3508964
153,CV_SevenPoint,1.4077312213673576,1085358
153,CV_EightPoint,1.41158257481771,772651
154,FourPoint,0.61363742997155424,1170783
154,SixPoint,1.0761126990695054,3612706
154,CV_SevenPoint,1.4046089279214808,1077744
154,CV_EightPoint,1.4155571500504247,764475
155,FourPoint,0.2819669533999416,1140715
155,SixPoint,1.3306518724925844,3530369
155,CV_SevenPoint,1.4191541057936976,1080831
155,CV_EightPoint,1.4146382226977803,767670
156,FourPoint,0.14753677601347617,1163903
156,SixPoint,1.5178812600052989,3551366
156,CV_SevenPoint,1.4193029345885653,1083727
156,CV_EightPoint,1.4210063183524899,766520
157,FourPoint,0.3827791742084265,1168598
157,SixPoint,0.76975533169931654,3585043
157,CV_SevenPoint,1.4147939303593753,1093618
157,CV_EightPoint,1.4153349203559675,764554
158,FourPoint,0.072626417711591146,1151550
158,SixPoint,1.2716646996766188,3578189
158,CV_SevenPoint,1.4193341158552129,1103457
158,CV_EightPoint,1.4122841828206696,768622
159,FourPoint,0.73466398924134291,1129748
159,SixPoint,1.5634620811345472,3512629
159,CV_SevenPoint,1.4064564277543661,1060546
159,CV_EightPoint,1.4211521343674662,763092
160,FourPoint,0.16444728065592362,1202342
160,SixPoint,1.1397932896973573,3618693
160,CV_SevenPoint,1.4113206656760591,1112953
160,CV_EightPoint,1.4155647874148143,767165
161,FourPoint,1.0453903670584823,1155324
161,SixPoint,1.4680357511359503,3517960
161,CV_SevenPoint,1.4251863231923392,1081815
161,CV_EightPoint,1.4212344141333475,779018
162,FourPoint,1.4625351557060469,1169051
162,SixPoint,1.5984280545998297,3570172
162,CV_SevenPoint,1.4094831219082056,1081195
162,CV_EightPoint,1.4152569102436647,766095
163,FourPoint,1.5899022069614535,1158043
163,SixPoint,1.4962787838233942,3542432
163,CV_SevenPoint,1.4180636659077921,1111674
163,CV_EightPoint,1.4146538126173005,763596
164,FourPoint,0.40348181024677621,1196442
164,SixPoint,0.85602887576204811,3546284
164,CV_SevenPoint,1.4124067982849065,1095089
164,CV_EightPoint,1.4070302249777262,775721
165,FourPoint,0.44944519488468493,1190170
165,SixPoint,0.77332754875135234,3539527
165,CV_SevenPoint,1.4140582052018775,1078792
165,CV_EightPoint,1.4191136642288715,767733
166,FourPoint,0.070189766031047346,1162275
166,SixPoint,1.1349131860352739,3577042
166,CV_SevenPoint,1.42205274191076,1109161
166,CV_EightPoint,1.4107344141049667,770349
167,FourPoint,1.2143596832804902,1110286
167,SixPoint,0.90999359532607638,3481905
167,CV_SevenPoint,1.4159137547352298,1091813
167,CV_EightPoint,1.4080074782604455,773392
168,FourPoint,0.9721187607586772,1160477
168,SixPoint,1.3863348633472732,3575399
168,CV_SevenPoint,1.4161080209931376,1095876
168,CV_EightPoint,1.4214639857150235,765128
169,FourPoint,0.76090578683302357,1153017
169,SixPoint,1.2943023332513746,3515340
169,CV_SevenPoint,1.4230130977106294,1119970
169,CV_EightPoint,1.4231365677515497,771707
170,FourPoint,1.5296096591993498,1162938
170,SixPoint,1.6558985342237915,3568483
170,CV_SevenPoint,1.4059852197425444,1052907
170,CV_EightPoint,1.4084788298503585,763218
171,FourPoint,0.88579186096022089,1121169
171,SixPoint,1.270988653124093,3526091
171,CV_SevenPoint,1.4080790333521536,1078307
171,CV_EightPoint,1.4070639489981651,762151
172,FourPoint,1.4134845225728772,1158977
172,SixPoint,1.305446970820201,3592281
172,CV_SevenPoint,1.4165434158806878,1093424
172,CV_EightPoint,1.4121216748264667,769299
173,FourPoint,0.43430266421927322,1150550
173,SixPoint,1.3489371550394833,3501773
173,CV_SevenPoint,1.4111690829207799,1080936
173,CV_EightPoint,1.4114918087057733,763643
174,FourPoint,0.26607258953993157,1167281
174,SixPoint,1.6731831462123634,3567747
174,CV_SevenPoint,1.4179261731642563,1070374
174,CV_EightPoint,1.4145858275209102,763590
175,FourPoint,0.82970770982451936,1191077
175,SixPoint,1.0769811729003438,3596657
175,CV_SevenPoint,1.4127327580844893,1110181
175,CV_EightPoint,1.4167570051475824,768534
176,FourPoint,0.079484320052773033,1180504
176,SixPoint,1.3283583235472065,3548579
176,CV_SevenPoint,1.421425720869681,1085641
176,CV_EightPoint,1.4126874745405225,773618
177,FourPoint,1.2563750415421997,1184765
177,SixPoint,1.2914601870133204,3578423
177,CV_SevenPoint,1.408244713867733,1091234
177,CV_EightPoint,1.4094636116804824,764625
178,FourPoint,1.073914547472286,1102536
178,SixPoint,1.239470636447356,3446592
178,CV_SevenPoint,1.424178344398024,1087483
178,CV_EightPoint,1.4102980822544644,767391
179,FourPoint,0.063464673785309067,1191322
179,SixPoint,0.64542717080146195,3605621
179,CV_SevenPoint,1.4141439895950414,1138871
179,CV_EightPoint,1.4132976977725917,764773
180,FourPoint,0.14429075917348491,1180752
180,SixPoint,1.7049240320250203,3581474
180,CV_SevenPoint,1.4242495946229718,1059077
180,CV_EightPoint,1.4086532838624226,770491
181,FourPoint,0.97755320554033176,1161879
181,SixPoint,1.3526659249260096,3529147
181,CV_SevenPoint,1.4091458116872599,1101025
181,CV_EightPoint,1.4134070408602457,767481
182,FourPoint,0.085110508710769223,1194529
182,SixPoint,0.83931016290403226,3574748
182,CV_SevenPoint,1.4145914513853919,1094045
182,CV_EightPoint,1.4105372586818961,766349
183,FourPoint,0.8232108628223932,1193901
183,SixPoint,0.55141858591615511,3526855
183,CV_SevenPoint,1.4042130364850638,1107233
183,CV_EightPoint,1.4145162107631442,775078
184,FourPoint,0.98019474899114833,1166050
184,SixPoint,1.3559700346429442,3572489
184,CV_SevenPoint,1.4208305115568993,1133542
184,CV_EightPoint,1.4165059972926766,771304
185,FourPoint,0.51080032507102802,1157455
185,SixPoint,1.0460315450110906,3506476
185,CV_SevenPoint,1.4163925907281247,1094420
185,CV_EightPoint,1.424200338266971,768644
186,FourPoint,0.24556708083546122,1152970
186,SixPoint,0.7457467096150322,3554288
186,CV_SevenPoint,1.4123098150886229,1110950
186,CV_EightPoint,1.4087713221688132,770594
187,FourPoint,0.38950828811018728,1150968
187,SixPoint,0.76648686365498608,3582662
187,CV_SevenPoint,1.4140352645015586,1123868
187,CV_EightPoint,1.4010180583457068,771492
188,FourPoint,1.1214225647639364,1136921
188,SixPoint,1.5061567615484066,3522585
188,CV_SevenPoint,1.4185028654946337,1081632
188,CV_EightPoint,1.4132979409958384,764931
189,FourPoint,0.92696859855678004,1120092
189,SixPoint,1.0097882973658259,3528192
189,CV_SevenPoint,1.4195310920377426,1098562
189,CV_EightPoint,1.418910680468989,767605
190,FourPoint,1.4023863236932894,1142273
190,SixPoint,1.4306748225855206,3571966
190,CV_SevenPoint,1.4165060272274268,1086225
190,CV_EightPoint,1.4085494971480603,770083
191,FourPoint,0.32931161853641328,1167790
191,SixPoint,1.3410175664015822,3566527
191,CV_SevenPoint,1.4153832481634949,1085184
191,CV_EightPoint,1.4174762179816256,765438
192,FourPoint,0.31980055501531479,1157162
192,SixPoint,0.8171005253850292,3566241
192,CV_SevenPoint,1.412668662439468,1109018
192,CV_EightPoint,1.4153923556864425,768120
193,FourPoint,1.3598669580542537,1107926
193,SixPoint,0.69761498288666568,3496796
193,CV_SevenPoint,1.4200103660616441,1094733
193,CV_EightPoint,1.4125649909250466,765434
194,FourPoint,0.95195850963446538,1144308
194,SixPoint,1.3437778129064688,3544923
194,CV_SevenPoint,1.421277205051467,1083668
194,CV_EightPoint,1.4184347375876263,768757
195,FourPoint,0.1774786102830169,1157585
195,SixPoint,0.47257799265404993,3628246
195,CV_SevenPoint,1.4130554258206554,1125145
195,CV_EightPoint,1.4125130387552547,766432
196,FourPoint,0.53362512576328491,1163445
196,SixPoint,1.6952532965772191,3540616
196,CV_SevenPoint,1.4165140781368812,1086584
196,CV_EightPoint,1.4073062462212771,765991
197,FourPoint,0.56356416846702606,1149101
197,SixPoint,1.1347142444367171,3548603
197,CV_SevenPoint,1.4040771529393001,1089958
197,CV_EightPoint,1.4149403962976839,770859
198,FourPoint,0.65806803311850215,1130459
198,SixPoint,1.5060254905562012,3544098
198,CV_SevenPoint,1.4097123817173476,1094827
198,CV_EightPoint,1.4080255621249456,764802
199,FourPoint,0.62288357936113015,1167190
199,SixPoint,0.8286472424055864,3531413
199,CV_SevenPoint,1.4287854291372388,1099290
199,CV_EightPoint,1.4181178472589033,782053
200,FourPoint,0.56970857106990536,1158698
200,SixPoint,1.4114962759053316,3516028
200,CV_SevenPoint,1.394357373504715,1094255
200,CV_EightPoint,1.4162791219061617,766089
201,FourPoint,1.3999123693995035,1166233
201,SixPoint,1.0813437156118586,3586357
201,CV_SevenPoint,1.4138239815611833,1105038
201,CV_EightPoint,1.4135493866414375,767814
202,FourPoint,0.14200257281228837,1161969
202,SixPoint,1.6081094575240475,3526558
202,CV_SevenPoint,1.4091630208138273,1117827
202,CV_EightPoint,1.4121424829266378,764668
203,FourPoint,0.087908507262083088,1177741
203,SixPoint,0.70957131732782319,3571263
203,CV_SevenPoint,1.4204269070798523,1125432
203,CV_EightPoint,1.4150450584008096,768140
204,FourPoint,0.14387699485806135,1130001
204,SixPoint,1.0246658079543693,3527340
204,CV_SevenPoint,1.4222535141923067,1128547
204,CV_EightPoint,1.4239544809901818,765854
205,FourPoint,0.37406348511202503,1131547
205,SixPoint,0.80655011866126369,3609128
205,CV_SevenPoint,1.4215558931263983,1087607
205,CV_EightPoint,1.4153851008245619,768920
206,FourPoint,1.2770633301493812,1181762
206,SixPoint,0.8504942240146206,3565739
206,CV_SevenPoint,1.4038653708279234,1125936
206,CV_EightPoint,1.4077889106497699,766425
207,FourPoint,0.28420071817231179,1152257
207,SixPoint,0.93416365302174498,3576548
207,CV_SevenPoint,1.411017849106579,1108441
207,CV_EightPoint,1.401918888625356,766111
208,FourPoint,0.22523927370695565,1167026
208,SixPoint,1.0703576540457678,3541014
208,CV_SevenPoint,1.4079931615054984,1093420
208,CV_EightPoint,1.4171209957430464,775584
209,FourPoint,1.4413495588622369,1126766
209,SixPoint,1.6715857749587959,3511086
209,CV_SevenPoint,1.418302607104333,1099978
209,CV_EightPoint,1.417311418980516,768579
210,FourPoint,1.174703451790194,1156433
210,SixPoint,1.5197114718623188,3515764
210,CV_SevenPoint,1.4051036249396067,1105399
210,CV_EightPoint,1.4086717312180284,778739
211,FourPoint,0.68955537986058923,1172334
211,SixPoint,1.4376713304874622,3565928
211,CV_SevenPoint,1.4158355982586075,1093572
211,CV_EightPoint,1.417373924323885,770216
212,FourPoint,0.59727103766284617,1188639
212,SixPoint,0.97781805639806063,3574392
212,CV_SevenPoint,1.4138197926457721,1077606
212,CV_EightPoint,1.4081608377537289,768361
213,FourPoint,1.0375685894953208,1201164
213,SixPoint,1.3291648984546975,3554864
213,CV_SevenPoint,1.4110445593645771,1105607
213,CV_EightPoint,1.4113189530376973,774289
214,FourPoint,0.20583026706148488,1163866
214,SixPoint,1.643122431114151,3538677
214,CV_SevenPoint,1.419736316707485,1089971
214,CV_EightPoint,1.4217229223709467,776297
215,FourPoint,0.34624206780223449,1180185
215,SixPoint,0.90659655262809147,3544272
215,CV_SevenPoint,1.4227318838225331,1086601
215,CV_EightPoint,1.4088692414293036,764655
216,FourPoint,0.32635122988853527,1160157
216,SixPoint,0.94659525628382601,3530647
216,CV_SevenPoint,1.4131244396023077,1110229
216,CV_EightPoint,1.4193181358606441,767147
217,FourPoint,0.7562469041185661,1138323
217,SixPoint,0.63110917868373773,3542336
217,CV_SevenPoint,1.4121969945463329,1120209
217,CV_EightPoint,1.4157604129814092,765270
218,FourPoint,0.37585055525394045,1129006
218,SixPoint,1.4239793444159121,3522020
218,CV_SevenPoint,1.4168649548444936,1073022
218,CV_EightPoint,1.4279912585520651,764338
219,FourPoint,1.0894123069776898,1174779
219,SixPoint,1.4501449981467898,3577495
219,CV_SevenPoint,1.4174172257269999,1140590
219,CV_EightPoint,1.4138331366843127,759236
220,FourPoint,0.23107977474409669,1170091
220,SixPoint,1.6525355253328886,3544812
220,CV_SevenPoint,1.4170368240436082,1104180
220,CV_EightPoint,1.4233291301138189,766045
221,FourPoint,0.64861535972736717,1128341
221,SixPoint,1.1832028395542795,3531617
221,CV_SevenPoint,1.4095611414265223,1103697
221,CV_EightPoint,1.4240009883416909,764687
222,FourPoint,0.95446723066918038,1111408
222,SixPoint,1.7053914978238043,3521267
222,CV_SevenPoint,1.4185972038995591,1076815
222,CV_EightPoint,1.419953428974682,774319
223,FourPoint,0.16757306320352591,1170099
223,SixPoint,1.2458027554768656,3587746
223,CV_SevenPoint,1.432374256238786,1113630
223,CV_EightPoint,1.4164300333613771,764668
224,FourPoint,0.12683707344871653,1173671
224,SixPoint,0.87369087953258928,3545592
224,CV_SevenPoint,1.4059097550654984,1131666
224,CV_EightPoint,1.4117094889087374,777516
225,FourPoint,1.4903408093781316,1161682
225,SixPoint,1.3039079568362357,3555310
225,CV_SevenPoint,1.4160430356109106,1099770
225,CV_EightPoint,1.4109912564607474,770451
226,FourPoint,0.33779682389527654,1153011
226,SixPoint,0.99795573722981668,3592159
226,CV_SevenPoint,1.4190261142382761,1076598
226,CV_EightPoint,1.4121532043019467,764205
227,FourPoint,0.25359239030209607,1109815
227,SixPoint,0.83834497102283623,3467616
227,CV_SevenPoint,1.4219309462648517,1096620
227,CV_EightPoint,1.4306534039234502,766490
228,FourPoint,1.1168408867080666,1139751
228,SixPoint,1.0174558013886283,3496646
228,CV_SevenPoint,1.413903480378667,1079853
228,CV_EightPoint,1.42419515572121,763767
229,FourPoint,0.85996700720933106,1137186
229,SixPoint,1.0597770536644071,3608563
229,CV_SevenPoint,1.416531096715818,1079906
229,CV_EightPoint,1.4090547686639336,765130
230,FourPoint,0.98196122558956211,1141576
230,SixPoint,1.5371892582146904,3550349
230,CV_SevenPoint,1.4143401501841861,1088080
230,CV_EightPoint,1.4111861871396449,768108
231,FourPoint,1.5244743197656607,1174757
231,SixPoint,0.81487547356369827,3571012
231,CV_SevenPoint,1.411907263324045,1098242
231,CV_EightPoint,1.4117046661465511,764214
232,FourPoint,0.24875378760745392,1123097
232,SixPoint,1.0184050874766539,3495959
232,CV_SevenPoint,1.4183123154708013,1109508
232,CV_EightPoint,1.4145419360881395,767137
233,FourPoint,0.11865399413291776,1152565
233,SixPoint,1.5590674561519204,3540536
233,CV_SevenPoint,1.4120533975967788,1117670
233,CV_EightPoint,1.4151741789405536,779284
234,FourPoint,0.79962058683912207,1141923
234,SixPoint,1.5997350965484289,3576356
234,CV_SevenPoint,1.411787264760378,1086779
234,CV_EightPoint,1.4209260957712944,778967
235,FourPoint,0.38575021690631195,1166024
235,SixPoint,1.5215817621181107,3634040
235,CV_SevenPoint,1.4065444167934547,1083996
235,CV_EightPoint,1.4076058152827033,768656
236,FourPoint,1.6565545671722866,1129392
236,SixPoint,1.2609406582022344,3569299
236,CV_SevenPoint,1.4085345590906235,1097694
236,CV_EightPoint,1.4200210624093668,777025
237,FourPoint,0.22416201504684782,1141547
237,SixPoint,1.5377069415114242,3517524
237,CV_SevenPoint,1.4135016918384744,1096585
237,CV_EightPoint,1.4170215043214041,768301
238,FourPoint,0.48032215604552969,1179099
238,SixPoint,1.6656219499740119,3547181
238,CV_SevenPoint,1.4063765777285964,1094186
238,CV_EightPoint,1.4123491232664152,764612
239,FourPoint,1.5530965295716139,1164873
239,SixPoint,1.5490235075095482,3507672
239,CV_SevenPoint,1.4170671480026888,1113992
239,CV_EightPoint,1.4094516262185051,765025
240,FourPoint,1.156243994824266,1215461
240,SixPoint,0.96070123002967955,3535410
240,CV_SevenPoint,1.4194634756694815,1074909
240,CV_EightPoint,1.4147294234600178,765901
241,FourPoint,0.99176456039653504,1168418
241,SixPoint,1.0774826322025348,3573268
241,CV_SevenPoint,1.4027621577597191,1070463
241,CV_EightPoint,1.4295769889141099,766028
242,FourPoint,0.12179617487974161,1177979
242,SixPoint,1.7229750344565191,3574091
242,CV_SevenPoint,1.4156506806178129,1089390
242,CV_EightPoint,1.4164128843696098,766322
243,FourPoint,1.1140102729592383,1161147
243,SixPoint,1.2269451973525409,3538011
243,CV_SevenPoint,1.4163978145411313,1091531
243,CV_EightPoint,1.4219668910035799,763965
244,FourPoint,1.3444145691207969,1158344
244,SixPoint,1.7032218200632039,3593409
244,CV_SevenPoint,1.423203128120123,1079365
244,CV_EightPoint,1.411480969508242,768455
245,FourPoint,1.3202580537011177,1192274
245,SixPoint,1.3501533011498446,3520598
245,CV_SevenPoint,1.4036354934896988,1116525
245,CV_EightPoint,1.4179312998894857,768212
246,FourPoint,0.80582082772968,1186130
246,SixPoint,0.72243695574425215,3562824
246,CV_SevenPoint,1.4215018900364089,1080221
246,CV_EightPoint,1.4126604919621839,767347
247,FourPoint,0.053978867466565654,1171054
247,SixPoint,1.0643504355149029,3531592
247,CV_SevenPoint,1.413454471663677,1084226
247,CV_EightPoint,1.4231179768330064,771398
248,FourPoint,0.59955118918385175,1153395
248,SixPoint,0.76611822895324821,3555346
248,CV_SevenPoint,1.4204804896526408,1102439
248,CV_EightPoint,1.4174628301200924,768280
249,FourPoint,0.98119688766558477,1188855
249,SixPoint,1.5677596186150697,3590209
249,CV_SevenPoint,1.414781999612706,1086498
249,CV_EightPoint,1.4155370727945038,765733
250,FourPoint,0.223268922436615,1170441
250,SixPoint,0.48000884857113596,3583968
250,CV_SevenPoint,1.4147051884747892,1103892
250,CV_EightPoint,1.4116950113619549,771160
251,FourPoint,0.82258809985132519,1141880
251,SixPoint,1.407485991857484,3520493
251,CV_SevenPoint,1.4205631738886308,1067995
251,CV_EightPoint,1.4006841874697584,764104
252,FourPoint,1.7159407350562033,1138917
252,SixPoint,1.6309686788212376,3580656
252,CV_SevenPoint,1.4153825719271476,1078530
252,CV_EightPoint,1.4129083801718596,767535
253,FourPoint,0.55594665341455296,1164807
253,SixPoint,0.87053048873485228,3561862
253,CV_SevenPoint,1.4168785630333842,1103622
253,CV_EightPoint,1.4130886766907911,763228
254,FourPoint,1.5510279693196396,1166642
254,SixPoint,1.6969126293253332,3580138
254,CV_SevenPoint,1.414186946807918,1129610
254,CV_EightPoint,1.4131934995205846,768494
255,FourPoint,0.087490851535399886,1185956
255,SixPoint,1.3392315913375956,3615545
255,CV_SevenPoint,1.4182890784126694,1107316
255,CV_EightPoint,1.4179092149221186,770622
256,FourPoint,0.73655250523593907,1183837
256,SixPoint,0.61110849018163738,3549708
256,CV_SevenPoint,1.4154398884911226,1076549
256,CV_EightPoint,1.4170958547348682,767190
257,FourPoint,0.38250959919266375,1156053
257,SixPoint,0.49379915142811986,3559918
257,CV_SevenPoint,1.4057181591359118,1095903
257,CV_EightPoint,1.4127456416431168,767480
258,FourPoint,0.91169744076298675,1177483
258,SixPoint,1.3966848284896936,3520314
258,CV_SevenPoint,1.4117618254165174,1101778
258,CV_EightPoint,1.4257936213251083,767699
259,FourPoint,0.51602241921166414,1175570
259,SixPoint,0.85011876350660387,3570647
259,CV_SevenPoint,1.4248056520584906,1099697
259,CV_EightPoint,1.4077275365130382,775686
260,FourPoint,0.92125570275021118,1176838
260,SixPoint,1.2406226292922737,3544434
260,CV_SevenPoint,1.4140586593106843,1116155
260,CV_EightPoint,1.4130019339417175,766467
261,FourPoint,0.54839706901729324,1162977
261,SixPoint,1.5112119543487006,3562514
261,CV_SevenPoint,1.4165165931158947,1096338
261,CV_EightPoint,1.4222654203617864,767140
262,FourPoint,0.18394991437133812,1181201
262,SixPoint,1.4347862902104456,3542502
262,CV_SevenPoint,1.4047946969407246,1099954
262,CV_EightPoint,1.4222288305111612,771390
263,FourPoint,0.52483781176089472,1193236
263,SixPoint,0.82583300165909945,3599963
263,CV_SevenPoint,1.4169717589523152,1113208
263,CV_EightPoint,1.4163266075927641,772084
264,FourPoint,0.22847162843938687,1147618
264,SixPoint,1.7044501086115171,3605841
264,CV_SevenPoint,1.4038700811068763,1114154
264,CV_EightPoint,1.4077057661802401,769611
265,FourPoint,1.4938610180485772,1157892
265,SixPoint,1.4658793445436913,3586381
265,CV_SevenPoint,1.4096371527751865,1067564
265,CV_EightPoint,1.4174568189089343,765529
266,FourPoint,1.4344241987953186,1145928
266,SixPoint,1.2698350400939884,3562040
266,CV_SevenPoint,1.4216427793618123,1095576
266,CV_EightPoint,1.4142332876894137,766283
267,FourPoint,0.24097496423116407,1162245
267,SixPoint,1.2961211085554234,3578893
267,CV_SevenPoint,1.4138272428041967,1104949
267,CV_EightPoint,1.4023362765820415,769187
268,FourPoint,0.43725891246246179,1142038
268,SixPoint,1.7043836107732491,3541196
268,CV_SevenPoint,1.4154115418516242,1109252
268,CV_EightPoint,1.4145402549049706,761311
269,FourPoint,0.1074753603275946,1164564
269,SixPoint,0.82365413944368415,3529045
269,CV_SevenPoint,1.4071768996115122,1106391
269,CV_EightPoint,1.4129475422091642,767145
270,FourPoint,0.93368506587667621,1140136
270,SixPoint,0.92068134280351199,3572842
270,CV_SevenPoint,1.4085699036197643,1095007
270,CV_EightPoint,1.4221064108527584,771437
271,FourPoint,0.074618515568499993,1158288
271,SixPoint,1.197370722437602,3597747
271,CV_SevenPoint,1.4209246780168605,1102460
271,CV_EightPoint,1.4118811696674953,762302
272,FourPoint,0.96212688248006661,1153473
272,SixPoint,0.90686497460605031,3526176
272,CV_SevenPoint,1.4146170828377602,1103658
272,CV_EightPoint,1.4167438549291831,763275
273,FourPoint,0.40832265104087295,1169179
273,SixPoint,0.99858171388602757,3553283
273,CV_SevenPoint,1.4141478284441791,1060081
273,CV_EightPoint,1.4221170146651299,764172
274,FourPoint,0.47184325963412932,1163678
274,SixPoint,0.84283170232006788,3530662
274,CV_SevenPoint,1.4221286960086792,1083067
274,CV_EightPoint,1.409162020469557,766771
275,FourPoint,0.70914839573073263,1158219
275,SixPoint,1.6138769476259507,3542978
275,CV_SevenPoint,1.4129685674397154,1088883
275,CV_EightPoint,1.4164878503596412,770584
276,FourPoint,0.64801256714122313,1182290
276,SixPoint,0.86359169359709886,3513019
276,CV_SevenPoint,1.4181436290582021,1116423
276,CV_EightPoint,1.4234271997042982,763385
277,FourPoint,1.5903485338356051,1166458
277,SixPoint,1.4203207037005516,3527359
277,CV_SevenPoint,1.4124652290235724,1084489
277,CV_EightPoint,1.4148274509028982,769523
278,FourPoint,1.4811996827642766,1138004
278,SixPoint,1.5403758925650128,3559135
278,CV_SevenPoint,1.4107745672374821,1101686
278,CV_EightPoint,1.4150164267786962,767984
279,FourPoint,0.53857792791825376,1180011
279,SixPoint,0.94262858147202855,3560332
279,CV_SevenPoint,1.4136567796142736,1111868
279,CV_EightPoint,1.3868569273430171,773281
280,FourPoint,0.16419992125094071,1155968
280,SixPoint,0.47302259768760724,3568222
280,CV_SevenPoint,1.4124844085420365,1104243
280,CV_EightPoint,1.419062193748881,766560
281,FourPoint,0.17212502093747573,1157697
281,SixPoint,1.6181548832851713,3537903
281,CV_SevenPoint,1.4160862310088909,1084620
281,CV_EightPoint,1.4137370529406759,808683
282,FourPoint,0.30762124551604741,1149011
282,SixPoint,1.5302264498496336,3567295
282,CV_SevenPoint,1.4016148490598439,1136240
282,CV_EightPoint,1.4304060697858396,769722
283,FourPoint,0.24928980560464806,1157274
283,SixPoint,1.4019179415920382,3597785
283,CV_SevenPoint,1.4166906508037527,1106205
283,CV_EightPoint,1.4074817749179021,763714
284,FourPoint,0.21125045081706217,1178938
284,SixPoint,0.26780740284309151,3580052
284,CV_SevenPoint,1.4200587419339419,1105192
284,CV_EightPoint,1.4064560493540483,769799
285,FourPoint,0.60197818029062378,1152737
285,SixPoint,1.2215616089976709,3568406
285,CV_SevenPoint,1.4101252615990389,1102189
285,CV_EightPoint,1.4081467939532222,775604
286,FourPoint,0.21349168253696788,1137887
286,SixPoint,0.96152675829416667,3558542
286,CV_SevenPoint,1.4163419352951387,1120784
286,CV_EightPoint,1.408672106043027,765518
287,FourPoint,0.90397823016406775,1189454
287,SixPoint,0.28262930282356452,3553983
287,CV_SevenPoint,1.4112569019214791,1082744
287,CV_EightPoint,1.4213494220639162,770751
288,FourPoint,0.70486768980503767,1122780
288,SixPoint,1.6187391871464993,3549651
288,CV_SevenPoint,1.4277977156898174,1097982
288,CV_EightPoint,1.3994483861745488,774872
289,FourPoint,1.2246193027397718,1168801
289,SixPoint,0.71486482180684896,3496748
289,CV_SevenPoint,1.4214575125673861,1108926
289,CV_EightPoint,1.4144070210430282,764126
290,FourPoint,1.406077222070361,1155442
290,SixPoint,1.3530075030331994,3580134
290,CV_SevenPoint,1.406346432998828,1102348
290,CV_EightPoint,1.4066004261760328,771125
291,FourPoint,0.30423153040382855,1145352
291,SixPoint,0.79541153886643379,3587475
291,CV_SevenPoint,1.4118248212506332,1107080
291,CV_EightPoint,1.4085100300011335,763411
292,FourPoint,0.75742079055522082,1188461
292,SixPoint,1.7080189035238269,3593133
292,CV_SevenPoint,1.4193603233192598,1087787
292,CV_EightPoint,1.4086164468175828,765167
293,FourPoint,0.435875745199583,1143952
293,SixPoint,1.3260259277489794,3590721
293,CV_SevenPoint,1.4159708687607264,1072312
293,CV_EightPoint,1.4095131977234492,766409
294,FourPoint,0.58391462615705914,1170936
294,SixPoint,1.2987815753775165,3569348
294,CV_SevenPoint,1.4156997594181471,1055236
294,CV_EightPoint,1.4109091648989565,765052
295,FourPoint,0.11073889911519283,1160213
295,SixPoint,1.3763713108576585,3533955
295,CV_SevenPoint,1.414954968727504,1078284
295,CV_EightPoint,1.4157591258201174,772695
296,FourPoint,1.0289985228438032,1169442
296,SixPoint,0.60335308126272102,3546388
296,CV_SevenPoint,1.4208678068188116,1130561
296,CV_EightPoint,1.4163833147095253,762748
297,FourPoint,1.0384487744977171,1192272
297,SixPoint,1.1338834800578297,3535458
297,CV_SevenPoint,1.4085168398206542,1069737
297,CV_EightPoint,1.4306724619328763,767039
298,FourPoint,1.3462527391633696,1098343
298,SixPoint,0.67088003173245114,3566243
298,CV_SevenPoint,1.4099465649480607,1044575
298,CV_EightPoint,1.4203879637467589,770221
299,FourPoint,0.1061967400285443,1158230
299,SixPoint,0.90312365705060005,3525904
299,CV_SevenPoint,1.4030355859555186,1121892
299,CV_EightPoint,1.4170515613308556,763478
300,FourPoint,0.87434298658041576,1151961
300,SixPoint,0.97884056839251354,3530257
300,CV_SevenPoint,1.4120794647881951,1097072
300,CV_EightPoint,1.4199155862276351,771667
301,FourPoint,0.24082610665570084,1190311
301,SixPoint,1.329044367659151,3556696
301,CV_SevenPoint,1.4054055461117008,1098765
301,CV_EightPoint,1.4117051687865048,764491
302,FourPoint,1.3769765702358376,1112444
302,SixPoint,1.1104332903263749,3569187
302,CV_SevenPoint,1.4209840566947174,1116770
302,CV_EightPoint,1.4120233039517665,763342
303,FourPoint,1.0281678167842123,1141423
303,SixPoint,1.2284354038483669,3481751
303,CV_SevenPoint,1.4125500096519032,1109679
303,CV_EightPoint,1.4042621729978968,770269
304,FourPoint,0.09063006377846175,1170592
304,SixPoint,1.4804024667580911,3559551
304,CV_SevenPoint,1.4116937620386363,1082523
304,CV_EightPoint,1.4100348134326071,763565
305,FourPoint,1.4943956378934231,1157716
305,SixPoint,0.32302237102892856,3559560
305,CV_SevenPoint,1.4025354761480193,1085367
305,CV_EightPoint,1.4141461418225474,765668
306,FourPoint,0.56645051945283564,1180475
306,SixPoint,1.4092286624332593,3586763
306,CV_SevenPoint,1.4194852118558292,1103669
306,CV_EightPoint,1.3990391226470682,765119
307,FourPoint,1.6563320251280889,1160650
307,SixPoint,0.69582619612835039,3543609
307,CV_SevenPoint,1.4054873344617629,1077399
307,CV_EightPoint,1.4195345731690272,767717
308,FourPoint,0.23468180734128763,1139300
308,SixPoint,1.3064247812010226,3453012
308,CV_SevenPoint,1.4198430922736758,1142777
308,CV_EightPoint,1.4207166025479727,774471
309,FourPoint,0.13976407489211395,1150201
309,SixPoint,1.3567424495518317,3545964
309,CV_SevenPoint,1.417727922159528,1092896
309,CV_EightPoint,1.4142038340239946,765491
310,FourPoint,1.1107787026290128,1137049
310,SixPoint,1.1129801272303199,3499824
310,CV_SevenPoint,1.4257491454343287,1115425
310,CV_EightPoint,1.423185138976383,774365
311,FourPoint,0.81909515284271983,1172260
311,SixPoint,0.88627701960092919,3517219
311,CV_SevenPoint,1.4135928438677494,1143185
311,CV_EightPoint,1.4098171916470847,771743
312,FourPoint,1.2525235822091669,1165687
312,SixPoint,0.81885559583422973,3548103
312,CV_SevenPoint,1.4124586412210871,1082229
312,CV_EightPoint,1.4132738294481126,765663
313,FourPoint,0.48488591045138119,1163086
313,SixPoint,1.1030992100001542,3501875
313,CV_SevenPoint,1.4147187053196291,1085760
313,CV_EightPoint,1.4186028725076352,772927
314,FourPoint,0.32419228206748407,1145863
314,SixPoint,1.0835622467216348,3559444
314,CV_SevenPoint,1.4178534202822901,1101792
314,CV_EightPoint,1.4105153933168615,765453
315,FourPoint,0.40057811523206055,1138230
315,SixPoint,1.3283543334583443,3512076
315,CV_SevenPoint,1.4088447473888461,1123706
315,CV_EightPoint,1.4038922918803236,765538
316,FourPoint,0.20909197481326236,1150568
316,SixPoint,0.98518307791346438,3618166
316,CV_SevenPoint,1.4221826288788346,1089973
316,CV_EightPoint,1.4227081941992372,767750
317,FourPoint,0.55821560286224725,1126472
317,SixPoint,1.011251958851616,3531947
317,CV_SevenPoint,1.407940896058034,1069672
317,CV_EightPoint,1.4101198879682733,770012
318,FourPoint,1.0990066175051834,1170236
318,SixPoint,1.0034284364282111,3563588
318,CV_SevenPoint,1.4255788879664608,1078635
318,CV_EightPoint,1.4134178131148365,763897
319,FourPoint,0.24661439152547093,1157719
319,SixPoint,0.46013432071066679,3523120
319,CV_SevenPoint,1.4113918281436906,1094231
319,CV_EightPoint,1.4154511397771079,762066
320,FourPoint,0.29857217817732068,1174999
320,SixPoint,1.5250306662981219,3517425
320,CV_SevenPoint,1.4108902143546238,1129512
320,CV_EightPoint,1.4126984405942338,766140
321,FourPoint,1.1148922235586527,1176688
321,SixPoint,1.0889536979402643,3534130
321,CV_SevenPoint,1.4026033532396418,1088923
321,CV_EightPoint,1.4194378519232904,767619
322,FourPoint,1.4564086581701252,1193070
322,SixPoint,1.5736700235565804,3538122
322,CV_SevenPoint,1.4110964691928967,1113682
322,CV_EightPoint,1.4215944919311887,766555
323,FourPoint,0.22227214352988708,1167840
323,SixPoint,1.7312100209190129,3525784
323,CV_SevenPoint,1.4161068322780852,1076125
323,CV_EightPoint,1.4076743324615943,767539
324,FourPoint,0.95011603630591623,1158920
324,SixPoint,1.2856040873392685,3584316
324,CV_SevenPoint,1.4210763316942572,1095369
324,CV_EightPoint,1.419585494642686,761986
325,FourPoint,0.24823557481460976,1138719
325,SixPoint,1.1712855272711722,3537771
325,CV_SevenPoint,1.4190117161991298,1137167
325,CV_EightPoint,1.4191649853656483,766841
326,FourPoint,0.17507666090655211,1172375
326,SixPoint,1.522458002856627,3558047
326,CV_SevenPoint,1.4244070932750981,1105583
326,CV_EightPoint,1.422004051117834,769816
327,FourPoint,0.25731328900590095,1188545
327,SixPoint,1.5205556800456599,3566130
327,CV_SevenPoint,1.4095627673881581,1096862
327,CV_EightPoint,1.415828670024788,765864
328,FourPoint,1.3368908676995628,1182164
328,SixPoint,1.1723166875739102,3545812
328,CV_SevenPoint,1.4182294558464019,1131835
328,CV_EightPoint,1.4192214181015776,766980
329,FourPoint,0.64783510559411461,1122844
329,SixPoint,1.6176587468231864,3538951
329,CV_SevenPoint,1.4056712889141683,1097901
329,CV_EightPoint,1.4143140552458817,766430
330,FourPoint,0.1732783730663213,1170032
330,SixPoint,1.4229473311943297,3512918
330,CV_SevenPoint,1.4156097239014003,1062800
330,CV_EightPoint,1.4067687982939843,765562
331,FourPoint,0.24186717141721287,1172830
331,SixPoint,0.87389807477699211,3569151
331,CV_SevenPoint,1.413753974354369,1129229
331,CV_EightPoint,1.4074388737420696,778410
332,FourPoint,0.39565118269021299,1137508
332,SixPoint,1.4812149258700971,3534725
332,CV_SevenPoint,1.4144772171668127,1115191
332,CV_EightPoint,1.4122303984961446,768523
333,FourPoint,1.6569403643380838,1139396
333,SixPoint,1.4274210463927721,3505455
333,CV_SevenPoint,1.4196937652177375,1090876
333,CV_EightPoint,1.4157867881362047,769744
334,FourPoint,0.46117791400454966,1086966
334,SixPoint,1.1533321188663137,3503454
334,CV_SevenPoint,1.4079587884729599,1086517
334,CV_EightPoint,1.427624200268542,772666
335,FourPoint,0.64372964206209926,1187306
335,SixPoint,1.3608686731464394,3546785
335,CV_SevenPoint,1.4249130729207768,1100942
335,CV_EightPoint,1.4215482114466207,763999
336,FourPoint,1.4404877487389272,1162059
336,SixPoint,1.1946950346480438,3603869
336,CV_SevenPoint,1.4096004331778715,1124521
336,CV_EightPoint,1.4169200879848189,766025
337,FourPoint,1.5492556154820911,1175371
337,SixPoint,1.621769875244818,3553334
337,CV_SevenPoint,1.4040242826941718,1108991
337,CV_EightPoint,1.4145170091411898,761703
338,FourPoint,0.80170545665603843,1156022
338,SixPoint,1.2725147690036751,3610051
338,CV_SevenPoint,1.4158830090513597,1076969
338,CV_EightPoint,1.4112922649439605,768001
339,FourPoint,0.10006689918887968,1151216
339,SixPoint,1.7009938741730708,3548688
339,CV_SevenPoint,1.4145825948426294,1102599
339,CV_EightPoint,1.4141713249905599,769634
340,FourPoint,0.9497430179632137,1182723
340,SixPoint,0.53055137397594443,3589700
340,CV_SevenPoint,1.417649615798058,1089329
340,CV_EightPoint,1.3956806561097588,764899
341,FourPoint,0.31043245951629006,1178516
341,SixPoint,1.4617103174545019,3486870
341,CV_SevenPoint,1.4135372840942539,1113080
341,CV_EightPoint,1.4182461395985988,763873
342,FourPoint,1.3821626198961781,1165669
342,SixPoint,1.3321485455058772,3571601
342,CV_SevenPoint,1.4256862847619141,1078717
342,CV_EightPoint,1.4220713120794188,765367
343,FourPoint,0.5216324240369532,1154760
343,SixPoint,1.0944664035661831,3618303
343,CV_SevenPoint,1.4151260114570008,1069836
343,CV_EightPoint,1.4112699739601779,770053
344,FourPoint,0.5809482062020771,1212592
344,SixPoint,0.71054790612037166,3548234
344,CV_SevenPoint,1.4153358828131124,1100222
344,CV_EightPoint,1.4038419188099567,763680
345,FourPoint,0.82580579850848124,1173151
345,SixPoint,0.3407847877467165,3559061
345,CV_SevenPoint,1.4160707411527311,1057048
345,CV_EightPoint,1.4100768847177696,770633
346,FourPoint,0.31094348490519835,1158322
346,SixPoint,1.5611320623807672,3581756
346,CV_SevenPoint,1.4199477185433156,1106119
346,CV_EightPoint,1.4081830843097369,766602
347,FourPoint,0.21485635757262311,1152022
347,SixPoint,1.4808115010035114,3575009
347,CV_SevenPoint,1.4104512969333101,1088955
347,CV_EightPoint,1.4126320821167426,767686
348,FourPoint,0.30579644408751511,1184019
348,SixPoint,0.98925994758738622,3576225
348,CV_SevenPoint,1.4056895789079313,1068116
348,CV_EightPoint,1.4041040315934306,769038
349,FourPoint,0.36797183970109898,1199281
349,SixPoint,0.25132360166496565,3602214
349,CV_SevenPoint,1.4153429967516404,1103521
349,CV_EightPoint,1.4175062815924779,763372
350,FourPoint,0.34227292035798013,1188045
350,SixPoint,1.2410337541559213,3565018
350,CV_SevenPoint,1.4248022421284146,1119826
350,CV_EightPoint,1.4149041108536462,763847
351,FourPoint,0.69447564774775294,1143989
351,SixPoint,1.612582481090304,3552575
351,CV_SevenPoint,1.4048879801841423,1102297
351,CV_EightPoint,1.4162070395474879,776145
352,FourPoint,1.2127508258876873,1167479
352,SixPoint,1.4659436850336984,3580146
352,CV_SevenPoint,1.4238613562942946,1115080
352,CV_EightPoint,1.4165468519775877,765099
353,FourPoint,1.493784990427568,1147434
353,SixPoint,1.1103858881135127,3562857
353,CV_SevenPoint,1.4147142376858846,1109494
353,CV_EightPoint,1.4140157363081824,765536
354,FourPoint,0.60675209858832624,1164693
354,SixPoint,1.1716752322479762,3572489
354,CV_SevenPoint,1.4167654522184649,1096301
354,CV_EightPoint,1.4158673046853678,771337
355,FourPoint,1.6843022296868495,1156516
355,SixPoint,1.0893642099043268,3527108
355,CV_SevenPoint,1.3868576106277732,1080171
355,CV_EightPoint,1.421669246224081,766933
356,FourPoint,0.90357806884729208,1147253
356,SixPoint,0.98577016149355501,3570322
356,CV_SevenPoint,1.4152814088370718,1094044
356,CV_EightPoint,1.4048994471204552,766606
357,FourPoint,0.43625685281831988,1104608
357,SixPoint,1.3949650422070072,3476731
357,CV_SevenPoint,1.4173641539102475,1103409
357,CV_EightPoint,1.4124467179729512,778709
358,FourPoint,0.49569373115269533,1197984
358,SixPoint,0.82100987932951008,3525235
358,CV_SevenPoint,1.4156765696803726,1096885
358,CV_EightPoint,1.4166955179764371,765965
359,FourPoint,0.95827089312707248,1170035
359,SixPoint,0.91817974917032541,3586977
359,CV_SevenPoint,1.4124055225247196,1082148
359,CV_EightPoint,1.4233957965618611,770620
360,FourPoint,0.48359473334972142,1147227
360,SixPoint,1.462792451515879,3547475
360,CV_SevenPoint,1.4153409370258863,1086979
360,CV_EightPoint,1.4171898996069117,766752
361,FourPoint,0.72359078644814934,1180766
361,SixPoint,1.3703061685881379,3541026
361,CV_SevenPoint,1.4101151383915915,1139157
361,CV_EightPoint,1.4131665923156895,769462
362,FourPoint,0.30286383675776241,1151726
362,SixPoint,1.3567018273439857,3525319
362,CV_SevenPoint,1.4310890604675535,1061644
362,CV_EightPoint,1.4293035629640383,768321
363,FourPoint,0.53335662267282236,1124431
363,SixPoint,1.4809419451299048,3534973
363,CV_SevenPoint,1.4120169117572854,1107439
363,CV_EightPoint,1.4100693771124384,772546
364,FourPoint,1.2142612285927625,1205484
364,SixPoint,0.27357774448388428,3550722
364,CV_SevenPoint,1.4206634877941975,1103649
364,CV_EightPoint,1.4118170229678657,765778
365,FourPoint,0.42404835045486289,1174639
365,SixPoint,1.0507509309144683,3514058
365,CV_SevenPoint,1.4202217533223922,1094886
365,CV_EightPoint,1.4065971418233989,765098
366,FourPoint,0.64005840028889927,1162134
366,SixPoint,1.6096271996965235,3596234
366,CV_SevenPoint,1.4108167662222793,1058219
366,CV_EightPoint,1.4091455098993544,769024
367,FourPoint,0.49962991877724444,1187853
367,SixPoint,1.5281821385294576,3543518
367,CV_SevenPoint,1.4176229952053874,1109896
367,CV_EightPoint,1.4174445739140404,769559
368,FourPoint,1.2308484001373006,1130305
368,SixPoint,1.0703337029873454,3536142
368,CV_SevenPoint,1.4198196207923295,1104687
368,CV_EightPoint,1.4151526370881555,763260
369,FourPoint,0.40757211726641634,1162156
369,SixPoint,1.1140222866666949,3534704
369,CV_SevenPoint,1.4228919264684847,1070886
369,CV_EightPoint,1.4216570891178761,767607
370,FourPoint,0.31551122454487163,1126304
370,SixPoint,1.1745790084677008,3480053
370,CV_SevenPoint,1.4204805140966881,1097986
370,CV_EightPoint,1.4098901975253404,770240
371,FourPoint,1.1546133790159632,1190271
371,SixPoint,0.52850997719017234,3580563
371,CV_SevenPoint,1.4143749658900246,1095643
371,CV_EightPoint,1.4179081505109907,770498
372,FourPoint,0.22044612519655668,1185142
372,SixPoint,0.91379534745651647,3579614
372,CV_SevenPoint,1.42650454733159,1076184
372,CV_EightPoint,1.4139454118491936,762680
373,FourPoint,0.83753098633243728,1129038
373,SixPoint,1.5253752189592287,3514021
373,CV_SevenPoint,1.4191214578145361,1094962
373,CV_EightPoint,1.4156547161399822,774789
374,FourPoint,0.35475003777556241,1160371
374,SixPoint,0.42529351306266927,3556618
374,CV_SevenPoint,1.4174931351906122,1106642
374,CV_EightPoint,1.4131329462218001,775031
375,FourPoint,0.45283390657082456,1163750
375,SixPoint,0.82776214246479929,3554458
375,CV_SevenPoint,1.4084123157182586,1099420
375,CV_EightPoint,1.4037378968344112,763332
376,FourPoint,0.96986689446935481,1160485
376,SixPoint,1.3486945009921261,3602423
376,CV_SevenPoint,1.4193464659113937,1114589
376,CV_EightPoint,1.4174502058962593,771901
377,FourPoint,1.1986716845851184,1157217
377,SixPoint,1.6092787593610103,3573984
377,CV_SevenPoint,1.4218649405826809,1099337
377,CV_EightPoint,1.4135292578811729,764031
378,FourPoint,1.5299898495461774,1148242
378,SixPoint,1.3860746328932791,3573714
378,CV_SevenPoint,1.413307256360564,1117832
378,CV_EightPoint,1.4111718360579819,764074
379,FourPoint,0.8422328517802713,1124820
379,SixPoint,1.6697092598953034,3499573
379,CV_SevenPoint,1.4042732569442737,1096013
379,CV_EightPoint,1.4180481992606599,764229
380,FourPoint,0.25694348105749876,1200344
380,SixPoint,1.6612953455760773,3504203
380,CV_SevenPoint,1.4205728523440961,1086382
380,CV_EightPoint,1.4172184787578141,776383
381,FourPoint,0.75896956894336343,1128864
381,SixPoint,1.3330664796781275,3543217
381,CV_SevenPoint,1.4195791869698617,1091736
381,CV_EightPoint,1.4098892574901762,765820
382,FourPoint,0.33872880819252382,1173952
382,SixPoint,0.79098207040785695,3555594
382,CV_SevenPoint,1.422118959363984,1076722
382,CV_EightPoint,1.4114125309248902,764805
383,FourPoint,0.11735394741759853,1168205
383,SixPoint,1.2661079154884372,3552032
383,CV_SevenPoint,1.4075597714445138,1078894
383,CV_EightPoint,1.4146467986161355,771902
384,FourPoint,0.73820040917249552,1139602
384,SixPoint,0.88522692260520375,3561583
384,CV_SevenPoint,1.4159922360567299,1073683
384,CV_EightPoint,1.4415504756800843,768075
385,FourPoint,0.20515095669134004,1168778
385,SixPoint,1.6913702130008672,3542511
385,CV_SevenPoint,1.4126668434842791,1094352
385,CV_EightPoint,1.4059747545598014,768852
386,FourPoint,1.0359614652228721,1168581
386,SixPoint,1.1532047494720923,3578054
386,CV_SevenPoint,1.4177210325224672,1082631
386,CV_EightPoint,1.415215243988897,767225
387,FourPoint,0.94171433700628648,1149610
387,SixPoint,0.68843578741521427,3598868
387,CV_SevenPoint,1.4153349103656754,1097632
387,CV_EightPoint,1.4063725560337113,770390
388,FourPoint,0.90764553463891529,1153911
388,SixPoint,1.3995721424163523,3498850
388,CV_SevenPoint,1.4195630999711584,1095290
388,CV_EightPoint,1.4105865400232334,764675
389,FourPoint,0.78142146757093134,1183245
389,SixPoint,0.56866860542190689,3549347
389,CV_SevenPoint,1.4160432548213835,1115705
389,CV_EightPoint,1.4115202705195189,767015
390,FourPoint,1.5429961182242129,1147485
390,SixPoint,1.6627912862502985,3504745
390,CV_SevenPoint,1.4260559013683165,1075441
390,CV_EightPoint,1.4178368737848073,767076
391,FourPoint,1.0644906610799785,1182327
391,SixPoint,1.0168189948336837,3551118
391,CV_SevenPoint,1.4197733318556696,1125602
391,CV_EightPoint,1.4261986673290088,766270
392,FourPoint,0.83719085699401408,1100484
392,SixPoint,0.94704564345385733,3463957
392,CV_SevenPoint,1.4181587891501708,1104716
392,CV_EightPoint,1.4165445194018675,774973
393,FourPoint,0.78217927092116823,1165988
393,SixPoint,0.53987531608589767,3568428
393,CV_SevenPoint,1.4220061517351454,1067900
393,CV_EightPoint,1.422356742784191,765251
394,FourPoint,0.26058797729269828,1194910
394,SixPoint,1.6472170350196493,3562756
394,CV_SevenPoint,1.4127015793559643,1085951
394,CV_EightPoint,1.4060863823674186,765161
395,FourPoint,0.71051978534142346,1175335
395,SixPoint,1.0625166200444185,3547671
395,CV_SevenPoint,1.4229757106730447,1108693
395,CV_EightPoint,1.4101183108885111,771057
396,FourPoint,0.32137957690204511,1168481
396,SixPoint,0.94066687443814623,3573010
396,CV_SevenPoint,1.4251740382722575,1089372
396,CV_EightPoint,1.4184754895654361,766549
397,FourPoint,0.21716834716906216,1143121
397,SixPoint,1.4528742636732799,3487951
397,CV_SevenPoint,1.402662377632131,1084757
397,CV_EightPoint,1.411591641252502,766706
398,FourPoint,0.19389417081983429,1136569
398,SixPoint,1.0466343687954056,3562947
398,CV_SevenPoint,1.4099425140622257,1083617
398,CV_EightPoint,1.4145909295773447,768960
399,FourPoint,1.3330174819023421,1195236
399,SixPoint,1.566149247371402,3598539
399,CV_SevenPoint,1.4061211643174298,1089260
399,CV_EightPoint,1.4276880866991699,768730
400,FourPoint,0.54751088946475845,1126952
400,SixPoint,0.73176994330781164,3608021
400,CV_SevenPoint,1.4154026124401993,1113298
400,CV_EightPoint,1.4146939445026117,766611
401,FourPoint,0.58134273780866108,1151476
401,SixPoint,1.5561354370876546,3594720
401,CV_SevenPoint,1.4143260967546611,1114994
401,CV_EightPoint,1.4169250032385856,771305
402,FourPoint,0.35231081030914263,1161047
402,SixPoint,1.6657441847017227,3583969
402,CV_SevenPoint,1.4142115880055504,1085666
402,CV_EightPoint,1.413046472644079,766514
403,FourPoint,0.11613843702418691,1142362
403,SixPoint,1.0582635686046535,3543413
403,CV_SevenPoint,1.4199368730903146,1117297
403,CV_EightPoint,1.408597977094753,774635
404,FourPoint,0.19368979058467806,1142449
404,SixPoint,0.99926382828028615,3545612
404,CV_SevenPoint,1.4116207600262849,1075868
404,CV_EightPoint,1.4191276690165548,767314
405,FourPoint,1.6033697607424855,1190796
405,SixPoint,1.6050028185675229,3590444
405,CV_SevenPoint,1.4099170458137944,1121736
405,CV_EightPoint,1.4210904376984212,762172
406,FourPoint,0.15634318475387221,1179042
406,SixPoint,0.78359353771294371,3551094
406,CV_SevenPoint,1.4216833790750216,1103581
406,CV_EightPoint,1.4198095596927169,775348
407,FourPoint,0.24816427549869333,1146314
407,SixPoint,1.6810502661939508,3629838
407,CV_SevenPoint,1.4167640827845367,1086220
407,CV_EightPoint,1.4144399854138647,765933
408,FourPoint,0.84720356032346122,1151852
408,SixPoint,1.2390734777465944,3577860
408,CV_SevenPoint,1.4142781241348177,1106101
408,CV_EightPoint,1.4082593549267144,769099
409,FourPoint,0.57869213611960124,1110036
409,SixPoint,0.68776079418344027,3477693
409,CV_SevenPoint,1.4163524933350931,1079349
409,CV_EightPoint,1.4273443776559898,772777
410,FourPoint,1.5348569647623349,1187987
410,SixPoint,1.6436070980977975,3583131
410,CV_SevenPoint,1.4112081513771859,1067709
410,CV_EightPoint,1.4109435283265965,769373
411,FourPoint,0.98893876615641829,1165403
411,SixPoint,1.535693988908639,3549391
411,CV_SevenPoint,1.4108181622982661,1111990
411,CV_EightPoint,1.435263086056116,765011
412,FourPoint,0.51495493764541767,1144960
412,SixPoint,0.78315247844798686,3489322
412,CV_SevenPoint,1.4229551993964444,1107145
412,CV_EightPoint,1.4088551781507876,772577
413,FourPoint,0.38174242498747246,1167038
413,SixPoint,0.32701295459821034,3509514
413,CV_SevenPoint,1.4185179066770888,1059955
413,CV_EightPoint,1.4235866133554629,765941
414,FourPoint,0.12165745652861712,1165187
414,SixPoint,1.1188371590928656,3558914
414,CV_SevenPoint,1.4103656666012203,1105388
414,CV_EightPoint,1.4140864758223015,765323
415,FourPoint,1.0217078516710902,1141130
415,SixPoint,0.86624255461071387,3548682
415,CV_SevenPoint,1.4233677610576954,1095128
415,CV_EightPoint,1.4239471416693426,773907
416,FourPoint,0.67609641349334415,1146105
416,SixPoint,0.98144718659331409,3616985
416,CV_SevenPoint,1.4013207509709642,1166252
416,CV_EightPoint,1.3867210223021671,762271
417,FourPoint,1.3300993379501087,1197506
417,SixPoint,1.5656891445067265,3615693
417,CV_SevenPoint,1.4091210102770837,1106659
417,CV_EightPoint,1.4182287410040917,769074
418,FourPoint,0.21217800796972316,1175364
418,SixPoint,1.4224691648878678,3578900
418,CV_SevenPoint,1.4172351682572593,1156508
418,CV_EightPoint,1.4197748662673946,774151
419,FourPoint,0.82388454996282867,1165544
419,SixPoint,0.86290947571701881,3626684
419,CV_SevenPoint,1.4054162533538634,1109176
419,CV_EightPoint,1.4101336532807298,765485
420,FourPoint,0.15395141650338204,1169841
420,SixPoint,1.4303424650984873,3557137
420,CV_SevenPoint,1.4208794794539803,1116940
420,CV_EightPoint,1.4184483230779648,765711
421,FourPoint,0.234126237162185,1134488
421,SixPoint,1.0030671334830572,3537567
421,CV_SevenPoint,1.406367358361077,1123260
421,CV_EightPoint,1.4185204038009438,766931
422,FourPoint,1.1437571110928073,1135249
422,SixPoint,0.80483108011213889,3546311
422,CV_SevenPoint,1.4161415009383642,1126592
422,CV_EightPoint,1.4357072183268234,770593
423,FourPoint,0.12215032012299747,1158054
423,SixPoint,0.81007825973493464,3554022
423,CV_SevenPoint,1.4123408924504273,1123706
423,CV_EightPoint,1.4123772162563881,765713
424,FourPoint,0.25797786089975822,1157486
424,SixPoint,1.5909940326458278,3557595
424,CV_SevenPoint,1.4146999003242962,1069591
424,CV_EightPoint,1.4042588518953407,765861
425,FourPoint,0.090616136310460685,1152266
425,SixPoint,1.197956714923089,3590284
425,CV_SevenPoint,1.413234021431869,1097068
425,CV_EightPoint,1.4054952355449739,763622
426,FourPoint,1.385277532360649,1178074
426,SixPoint,1.4103184060679683,3562898
426,CV_SevenPoint,1.4098088940736055,1089604
426,CV_EightPoint,1.4091331089020589,766279
427,FourPoint,0.8452751364745672,1127843
427,SixPoint,1.2022802139721207,3538497
427,CV_SevenPoint,1.4178087582629271,1087219
427,CV_EightPoint,1.4075348823093847,767402
428,FourPoint,0.49249360666887543,1178591
428,SixPoint,0.92222334508732062,3596619
428,CV_SevenPoint,1.4158980067227895,1102828
428,CV_EightPoint,1.4225383498895046,771644
429,FourPoint,0.33717798051182107,1189069
429,SixPoint,0.8802619321494799,3531839
429,CV_SevenPoint,1.4130137138711276,1114407
429,CV_EightPoint,1.4143932861531243,775553
430,FourPoint,0.20770435167437071,1135069
430,SixPoint,1.5362694218959014,3565997
430,CV_SevenPoint,1.4181367782777645,1108503
430,CV_EightPoint,1.4168821402194249,766434
431,FourPoint,1.2973032293861479,1151816
431,SixPoint,1.3001169505207855,3585757
431,CV_SevenPoint,1.4089726343742062,1099762
431,CV_EightPoint,1.4203401844655874,769793
432,FourPoint,1.3001620316741032,1135756
432,SixPoint,1.2688437998661095,3600202
432,CV_SevenPoint,1.4165619338037294,1119571
432,CV_EightPoint,1.4290478774284407,780753
433,FourPoint,1.66292275805958,1163620
433,SixPoint,1.5735190317522143,3579748
433,CV_SevenPoint,1.4172175619846601,1097888
433,CV_EightPoint,1.426826701974079,767109
434,FourPoint,0.57294709651810383,1146785
434,SixPoint,1.2320709686781182,3522345
434,CV_SevenPoint,1.4099541762440231,1095915
434,CV_EightPoint,1.4035024072858442,773551
435,FourPoint,0.54810614180555317,1149515
435,SixPoint,0.94057477686234259,3536038
435,CV_SevenPoint,1.4178777874021571,1100425
435,CV_EightPoint,1.4139469789627166,771286
436,FourPoint,0.74145065028917279,1158656
436,SixPoint,0.81424705582436496,3552419
436,CV_SevenPoint,1.4186606238217478,1095970
436,CV_EightPoint,1.4223592817892643,767991
437,FourPoint,1.0340304340625508,1180613
437,SixPoint,0.90889640546341355,3538927
437,CV_SevenPoint,1.414871311838082,1100965
437,CV_EightPoint,1.4094107534984701,763082
438,FourPoint,0.36979510287479622,1171857
438,SixPoint,1.4083415477106671,3579175
438,CV_SevenPoint,1.4222806129064554,1109148
438,CV_EightPoint,1.4250939652779993,769998
439,FourPoint,0.8591371164164977,1184146
439,SixPoint,1.6814976126688457,3583219
439,CV_SevenPoint,1.4086319316756919,1049911
439,CV_EightPoint,1.4154632668374065,762922
440,FourPoint,1.556058801261029,1138859
440,SixPoint,1.5210940657881027,3514587
440,CV_SevenPoint,1.4116639857962365,1090369
440,CV_EightPoint,1.4173076761009737,768763
441,FourPoint,1.0149264442592623,1175114
441,SixPoint,1.2469504658217416,3527001
441,CV_SevenPoint,1.4111982129599689,1107804
441,CV_EightPoint,1.4107544765897768,765886
442,FourPoint,0.33817889371604815,1165062
442,SixPoint,1.5960448323071323,3535286
442,CV_SevenPoint,1.4132385089912258,1095568
442,CV_EightPoint,1.4168574243164691,765890
443,FourPoint,0.28028998402453997,1168658
443,SixPoint,0.86839991581782128,3638700
443,CV_SevenPoint,1.4144841439721287,1098932
443,CV_EightPoint,1.4159362918094482,766757
444,FourPoint,0.63838563312698138,1158025
444,SixPoint,0.44785116312203355,3535446
444,CV_SevenPoint,1.4092788383493435,1088083
444,CV_EightPoint,1.4193333210447996,767739
445,FourPoint,0.67748459451909415,1183305
445,SixPoint,1.3702362776612473,3627760
445,CV_SevenPoint,1.4037071912499475,1100481
445,CV_EightPoint,1.4179716889902125,763701
446,FourPoint,0.87978291434255407,1148699
446,SixPoint,1.3187393062870674,3638564
446,CV_SevenPoint,1.4165464848386358,1112947
446,CV_EightPoint,1.4141052890371546,772083
447,FourPoint,0.201315671639303,1159560
447,SixPoint,1.459861505406457,3525498
447,CV_SevenPoint,1.4135757264345006,1130977
447,CV_EightPoint,1.4082568524364216,769445
448,FourPoint,0.22762785838346405,1201833
448,SixPoint,0.92047383612690736,3562446
448,CV_SevenPoint,1.4177043905832927,1093964
448,CV_EightPoint,1.4155821600744121,765004
449,FourPoint,1.2764939838771303,1093321
449,SixPoint,1.1591916893132932,3524431
449,CV_SevenPoint,1.4100528662119967,1102076
449,CV_EightPoint,1.4144752253344763,767538
450,FourPoint,0.13741616094128428,1165690
450,SixPoint,0.87252035849582366,3521969
450,CV_SevenPoint,1.4209498718350018,1106108
450,CV_EightPoint,1.4066681005358732,772176
451,FourPoint,0.69983698293558116,1187665
451,SixPoint,0.96509032145878348,3538968
451,CV_SevenPoint,1.4153295030644466,1118426
451,CV_EightPoint,1.4164524871690964,762436
452,FourPoint,1.4368913944716502,1087558
452,SixPoint,1.0459793861575761,3495170
452,CV_SevenPoint,1.406375527638648,1070322
452,CV_EightPoint,1.4830563734501081,769917
453,FourPoint,0.13567159274833249,1141584
453,SixPoint,0.20452771631257485,3566736
453,CV_SevenPoint,1.4097857976348347,1101293
453,CV_EightPoint,1.4091686165315822,763236
454,FourPoint,1.3986692256073583,1158309
454,SixPoint,0.8532328452769411,3560213
454,CV_SevenPoint,1.4172574740593153,1081792
454,CV_EightPoint,1.4223265546134571,771252
455,FourPoint,0.50304359879154059,1174887
455,SixPoint,0.79622555864432742,3571218
455,CV_SevenPoint,1.4212637042975558,1107020
455,CV_EightPoint,1.4264896904938968,770895
456,FourPoint,0.85988805846191552,1172119
456,SixPoint,0.31018962318465931,3567271
456,CV_SevenPoint,1.42576157162734,1095879
456,CV_EightPoint,1.4141321812670506,766125
457,FourPoint,0.56442366059786309,1155765
457,SixPoint,1.4985079373078409,3531487
457,CV_SevenPoint,1.4236200593416493,1075381
457,CV_EightPoint,1.4034625579661706,771501
458,FourPoint,0.90122166836030049,1171560
458,SixPoint,0.8992520377179708,3533257
458,CV_SevenPoint,1.4157217009728957,1081419
458,CV_EightPoint,1.4153858830713222,778036
459,FourPoint,0.98615037628430202,1164502
459,SixPoint,0.86065363085944935,3536137
459,CV_SevenPoint,1.4024794985486042,1103551
459,CV_EightPoint,1.4163758014267551,767539
460,FourPoint,1.6880380043007623,1134125
460,SixPoint,0.81263890196869071,3558975
460,CV_SevenPoint,1.4141445313548215,1094950
460,CV_EightPoint,1.4169797362080438,772519
461,FourPoint,1.4751606681823977,1144031
461,SixPoint,1.160935715059433,3566060
461,CV_SevenPoint,1.4169340653346867,1093528
461,CV_EightPoint,1.4126689117370816,766890
462,FourPoint,0.2117307542158319,1195803
462,SixPoint,1.1936877254777418,3614938
462,CV_SevenPoint,1.4050430160840157,1093103
462,CV_EightPoint,1.4236740662487684,772963
463,FourPoint,0.34094642666118441,1194186
463,SixPoint,0.9785308700484876,3597401
463,CV_SevenPoint,1.4080519064459556,1078562
463,CV_EightPoint,1.4141663634107886,769579
464,FourPoint,0.24242023573478724,1166767
464,SixPoint,0.66169797948497822,3589571
464,CV_SevenPoint,1.4096864192890961,1103753
464,CV_EightPoint,1.4092148244284157,766978
465,FourPoint,0.99650638062054497,1154754
465,SixPoint,1.3467183288431268,3530757
465,CV_SevenPoint,1.4032760162406466,1078061
465,CV_EightPoint,1.4023267203045113,765574
466,FourPoint,0.82762114234811968,1132752
466,SixPoint,1.4721527878530098,3546956
466,CV_SevenPoint,1.409591998093225,1096629
466,CV_EightPoint,1.4272204664156753,767257
467,FourPoint,1.401247227187812,1171034
467,SixPoint,1.6294702914254631,3531868
467,CV_SevenPoint,1.3984179493500366,1092383
467,CV_EightPoint,1.4240293588550501,766303
468,FourPoint,1.4055127675339776,1180641
468,SixPoint,1.2208822236521439,3554308
468,CV_SevenPoint,1.3965864889003519,1096237
468,CV_EightPoint,1.4059963919028178,770479
469,FourPoint,0.41453307368554621,1117472
469,SixPoint,0.94714122477103813,3546639
469,CV_SevenPoint,1.4098406291369361,1079223
469,CV_EightPoint,1.4105761719653156,766164
470,FourPoint,0.18535988060897532,1150013
470,SixPoint,1.5430682238949578,3521318
470,CV_SevenPoint,1.4018292612459105,1095668
470,CV_EightPoint,1.4097411528666999,768628
471,FourPoint,0.62677983088430755,1150356
471,SixPoint,0.64679824860462143,3590529
471,CV_SevenPoint,1.4192166408421603,1091952
471,CV_EightPoint,1.4112473884244672,766830
472,FourPoint,1.3638621568873766,1189584
472,SixPoint,1.5798447692766404,3552178
472,CV_SevenPoint,1.4137842722079932,1093738
472,CV_EightPoint,1.4231264152731415,770599
473,FourPoint,0.34478029252796272,1169211
473,SixPoint,0.86517733982108236,3546595
473,CV_SevenPoint,1.4099554891052533,1104135
473,CV_EightPoint,1.4123353588488607,761015
474,FourPoint,0.48152402198292199,1157509
474,SixPoint,1.4575127318173537,3565534
474,CV_SevenPoint,1.4141956164920986,1113097
474,CV_EightPoint,1.404917419057959,774484
475,FourPoint,0.9636005110564273,1158000
475,SixPoint,1.6784230406839964,3530082
475,CV_SevenPoint,1.4203578755667829,1127411
475,CV_EightPoint,1.4147327570720738,769129
476,FourPoint,0.10995726345004563,1159056
476,SixPoint,1.2997098826712867,3560882
476,CV_SevenPoint,1.4056648698433067,1102494
476,CV_EightPoint,1.4300736095159294,767086
477,FourPoint,0.22678645778666415,1139629
477,SixPoint,1.4280515980317459,3596121
477,CV_SevenPoint,1.4076439919341643,1107111
477,CV_EightPoint,1.4116419576303563,766467
478,FourPoint,0.65456957778047975,1171614
478,SixPoint,0.82656442453569356,3576824
478,CV_SevenPoint,1.4162886620762056,1078183
478,CV_EightPoint,1.4210666617184802,763980
479,FourPoint,1.181623459511413,1173310
479,SixPoint,1.0780132737203805,3587839
479,CV_SevenPoint,1.418964104409012,1109396
479,CV_EightPoint,1.4036885880211765,768226
480,FourPoint,0.94952317856004931,1178222
480,SixPoint,0.28042282732706264,3582746
480,CV_SevenPoint,1.41460920562433,1117730
480,CV_EightPoint,1.4154329015118217,765844
481,FourPoint,0.62652649274612304,1176265
481,SixPoint,0.78925713426714961,3540645
481,CV_SevenPoint,1.4200655978941989,1112568
481,CV_EightPoint,1.4121643360498373,775631
482,FourPoint,0.084792001798897926,1150869
482,SixPoint,1.3147786927298328,3571027
482,CV_SevenPoint,1.421721859308412,1092179
482,CV_EightPoint,1.4197376762618017,763799
483,FourPoint,0.20449505294114409,1187713
483,SixPoint,1.3114014942245533,3562197
483,CV_SevenPoint,1.4183208195885142,1079936
483,CV_EightPoint,1.412104542504852,763159
484,FourPoint,0.25192335450141212,1141598
484,SixPoint,0.6170645032779174,3573335
484,CV_SevenPoint,1.4154487324882445,1054044
484,CV_EightPoint,1.42277445084273,777535
485,FourPoint,0.41100384848766547,1184918
485,SixPoint,0.85967203759919986,3500849
485,CV_SevenPoint,1.418490104320149,1102555
485,CV_EightPoint,1.4095079738845779,777261
486,FourPoint,0.12888078336327502,1202755
486,SixPoint,0.97318648202642311,3558421
486,CV_SevenPoint,1.4222165290885631,1083098
486,CV_EightPoint,1.407838021250718,766907
487,FourPoint,0.35157560880361993,1148376
487,SixPoint,1.4183583222995371,3557585
487,CV_SevenPoint,1.4109814678120374,1085041
487,CV_EightPoint,1.4137138312973023,767557
488,FourPoint,0.33121542132324167,1135945
488,SixPoint,1.285331969583611,3546711
488,CV_SevenPoint,1.4115613004104874,1125982
488,CV_EightPoint,1.4113050156988394,771960
489,FourPoint,0.82335108924384748,1164823
489,SixPoint,0.50134941041748171,3502543
489,CV_SevenPoint,1.4152578145999393,1102909
489,CV_EightPoint,1.4213361370931707,767886
490,FourPoint,0.61650666837433399,1132328
490,SixPoint,1.4527684265494707,3564012
490,CV_SevenPoint,1.4112295967779409,1077557
490,CV_EightPoint,1.4071445609772741,769772
491,FourPoint,0.51374230470087867,1144320
491,SixPoint,1.34374133279264,3538487
491,CV_SevenPoint,1.4250336253889591,1072831
491,CV_EightPoint,1.4035933521566206,770446
492,FourPoint,1.2923623502926227,1139113
492,SixPoint,1.7226934628037176,3535263
492,CV_SevenPoint,1.414651829488615,1114573
492,CV_EightPoint,1.4127488702734561,764732
493,FourPoint,1.685059074458122,1174834
493,SixPoint,0.53869424350059902,3562649
493,CV_SevenPoint,1.4228382969151936,1093998
493,CV_EightPoint,1.4182334211223506,763364
494,FourPoint,0.1981119619792053,1180341
494,SixPoint,1.0962946949499999,3585784
494,CV_SevenPoint,1.4198627908479931,1099602
494,CV_EightPoint,1.4124882336801359,765542
495,FourPoint,1.6959138951467498,1149898
495,SixPoint,0.79543781776670597,3571725
495,CV_SevenPoint,1.4054268635642058,1064138
495,CV_EightPoint,1.4145720348773354,768430
496,FourPoint,1.4576681981368542,1198013
496,SixPoint,1.4405324346013599,3553757
496,CV_SevenPoint,1.4182535479476699,1109934
496,CV_EightPoint,1.4258075937830075,769943
497,FourPoint,0.25308892313231229,1179059
497,SixPoint,1.6148077969351671,3573378
497,CV_SevenPoint,1.4216089329270412,1084521
497,CV_EightPoint,1.4122026064227582,770603
498,FourPoint,1.6805649050219871,1134428
498,SixPoint,0.96765663631262833,3505769
498,CV_SevenPoint,1.4130411302839465,1103691
498,CV_EightPoint,1.4014424662136244,768445
499,FourPoint,0.5200786948078866,1176350
499,SixPoint,0.94031278158666354,3626661
499,CV_SevenPoint,1.4122112170321095,1104377
499,CV_EightPoint,1.4203826988341735,768941
