0,FourPoint,1.4290331977903921,1085058
0,SixPoint,1.6098132632973654,3497587
0,CV_SevenPoint,1.414267192270187,1058999
0,CV_EightPoint,1.4124033359754455,778770
1,FourPoint,1.3085460347701376,1052581
1,SixPoint,1.1615789297003063,3427529
1,CV_SevenPoint,1.4151900810483522,1093686
1,CV_EightPoint,1.4129560107023114,771394
2,FourPoint,1.5032460421895244,1043278
2,SixPoint,1.3107291864882722,3427281
2,CV_SevenPoint,1.41439344233502,1104498
2,CV_EightPoint,1.4144028018010912,778344
3,FourPoint,0.96524452713934805,1038126
3,SixPoint,1.5772723979469894,3435468
3,CV_SevenPoint,1.4142379582547668,1107165
3,CV_EightPoint,1.4141604712193985,770013
4,FourPoint,1.1408863795624729,1084298
4,SixPoint,1.6283171404694143,3407649
4,CV_SevenPoint,1.4138230170001884,1111830
4,CV_EightPoint,1.413932982516009,771324
5,FourPoint,1.2999063540592748,1085491
5,SixPoint,1.0478568417937,3467277
5,CV_SevenPoint,1.4127742638394281,1106879
5,CV_EightPoint,1.4133715224327346,783357
6,FourPoint,0.84427936074919385,1049820
6,SixPoint,1.2512951072976888,3485705
6,CV_SevenPoint,1.4135611305589066,1092480
6,CV_EightPoint,1.4132178450349298,772740
7,FourPoint,0.74745279836318657,1086329
7,SixPoint,1.474665272488914,3485266
7,CV_SevenPoint,1.4144872727296156,1115568
7,CV_EightPoint,1.4152145022982059,773804
8,FourPoint,1.315728940719217,1091493
8,SixPoint,1.1101114550354048,3436216
8,CV_SevenPoint,1.4137655510537999,1085256
8,CV_EightPoint,1.4147724898099385,774139
9,FourPoint,1.4845756213348595,1076247
9,SixPoint,1.4142689744305363,3496959
9,CV_SevenPoint,1.4149088353864807,1107967
9,CV_EightPoint,1.4147604695182574,782136
10,FourPoint,1.1167890543817838,1073275
10,SixPoint,1.578014055188135,3422586
10,CV_SevenPoint,1.4138390617058607,1095683
10,CV_EightPoint,1.4133432860183541,773782
11,FourPoint,0.65807408148370528,1055074
11,SixPoint,1.7318238277777316,3464042
11,CV_SevenPoint,1.4153140957233308,1085062
11,CV_EightPoint,1.4138862001657762,773213
12,FourPoint,0.94278890399328097,1081334
12,SixPoint,0.86575363249237181,3415055
12,CV_SevenPoint,1.4149020591814627,1098541
12,CV_EightPoint,1.4128870208898314,780588
13,FourPoint,1.3446783399311921,1078333
13,SixPoint,1.0541665798775435,3449094
13,CV_SevenPoint,1.4136543285490792,1088355
13,CV_EightPoint,1.414004372836549,773877
14,FourPoint,1.1293457541569045,1106708
14,SixPoint,1.4579178234840842,3424077
14,CV_SevenPoint,1.4143662040690883,1100769
14,CV_EightPoint,1.4148425213533586,776611
15,FourPoint,1.7146720910033884,1081411
15,SixPoint,1.2367050069212577,3425863
15,CV_SevenPoint,1.4140290156256636,1080655
15,CV_EightPoint,1.4140161213205575,771203
16,FourPoint,1.4063261861177596,1057285
16,SixPoint,1.3934254827728239,3427752
16,CV_SevenPoint,1.4147041574054042,1148583
16,CV_EightPoint,1.4131321012851159,780456
17,FourPoint,1.3804564396840409,1063428
17,SixPoint,1.3663139760113192,3412890
17,CV_SevenPoint,1.4134250169777649,1085400
17,CV_EightPoint,1.4146682029891529,782235
18,FourPoint,1.6328373044507354,1042268
18,SixPoint,1.5744883723548821,3434196
18,CV_SevenPoint,1.4127075275416103,1124400
18,CV_EightPoint,1.4134051487883141,773254
19,FourPoint,1.6944542438601338,1085800
19,SixPoint,1.2838474905388459,3494020
19,CV_SevenPoint,1.4144402572624397,1100522
19,CV_EightPoint,1.4148048096282857,771548
20,FourPoint,1.580421572517267,1052621
20,SixPoint,1.2645742545546919,3479490
20,CV_SevenPoint,1.414070541631703,1099977
20,CV_EightPoint,1.415741373885681,780858
21,FourPoint,1.0744465216402506,1088640
21,SixPoint,1.5408744421998579,3454668
21,CV_SevenPoint,1.413943763517882,1071400
21,CV_EightPoint,1.4134997764094737,774598
22,FourPoint,1.3442997061645228,1084010
22,SixPoint,1.4003649170227739,3442355
22,CV_SevenPoint,1.4151784354302224,1123858
22,CV_EightPoint,1.4150459611264186,780340
23,FourPoint,1.1408551825608897,1058308
23,SixPoint,0.9368719880454357,3392155
23,CV_SevenPoint,1.4137581048504899,1095726
23,CV_EightPoint,1.4152077286692386,773459
24,FourPoint,1.4027534285679093,1095002
24,SixPoint,1.2656791534099381,3456123
24,CV_SevenPoint,1.4155550122774376,1118155
24,CV_EightPoint,1.4168164467797684,775099
25,FourPoint,1.6751751358035167,1085058
25,SixPoint,1.442386643570871,3438736
25,CV_SevenPoint,1.4142580102553806,1077513
25,CV_EightPoint,1.4146832124836983,772157
26,FourPoint,0.71357754443643651,1111319
26,SixPoint,0.90530415439595024,3469773
26,CV_SevenPoint,1.4134585681436054,1107988
26,CV_EightPoint,1.4150838576047091,774131
27,FourPoint,1.1667670464290454,1077102
27,SixPoint,0.96563774674584735,3477982
27,CV_SevenPoint,1.413649881365415,1122061
27,CV_EightPoint,1.4145837773677377,778210
28,FourPoint,0.99303147648706891,1082405
28,SixPoint,1.6100825362160764,3394560
28,CV_SevenPoint,1.4138873647274142,1117777
28,CV_EightPoint,1.4134280645046913,775947
29,FourPoint,1.5492663969492155,1110346
29,SixPoint,1.4367339960847718,3424619
29,CV_SevenPoint,1.4140065908997748,1108342
29,CV_EightPoint,1.4135496246755834,771816
30,FourPoint,1.0959162388560564,1064728
30,SixPoint,1.341757085864983,3485824
30,CV_SevenPoint,1.4152442805911636,1092247
30,CV_EightPoint,1.4146979500383519,772075
31,FourPoint,0.95036425282319414,1090133
31,SixPoint,1.5586450491821653,3442871
31,CV_SevenPoint,1.4133298369648981,1098109
31,CV_EightPoint,1.4153179665388635,779546
32,FourPoint,1.3956280802399503,1078250
32,SixPoint,1.4594420475425398,3443993
32,CV_SevenPoint,1.4148469811107935,1112861
32,CV_EightPoint,1.414532650627933,776914
33,FourPoint,1.2324335876963997,1070790
33,SixPoint,1.3915822031568321,3468311
33,CV_SevenPoint,1.415704178243913,1102118
33,CV_EightPoint,1.4143658973773312,776897
34,FourPoint,1.5680437519395289,1097993
34,SixPoint,1.594127326414615,3464961
34,CV_SevenPoint,1.4151273644829088,1112170
34,CV_EightPoint,1.4162702779079581,775968
35,FourPoint,1.5143982185541618,1076740
35,SixPoint,1.5861407591940957,3476987
35,CV_SevenPoint,1.4143938012585457,1090578
35,CV_EightPoint,1.414541391519238,770702
36,FourPoint,1.4411094871234236,1101188
36,SixPoint,1.2935579867436116,3454559
36,CV_SevenPoint,1.4133239970019107,1094807
36,CV_EightPoint,1.4131825557836184,776939
37,FourPoint,0.83999935013812699,1045852
37,SixPoint,1.4134345673698521,3468755
37,CV_SevenPoint,1.413993354864463,1119140
37,CV_EightPoint,1.4132180927495208,773114
38,FourPoint,1.027413859115716,1077260
38,SixPoint,1.3519662854993604,3480987
38,CV_SevenPoint,1.4132139500347114,1095345
38,CV_EightPoint,1.4128584904420161,771898
39,FourPoint,1.1110989682430135,1048051
39,SixPoint,0.80989039323295076,3400799
39,CV_SevenPoint,1.4146352405101321,1098182
39,CV_EightPoint,1.413984692915647,771431
40,FourPoint,1.1998323714266315,1085832
40,SixPoint,1.6493367288400849,3433788
40,CV_SevenPoint,1.414592399413944,1083135
40,CV_EightPoint,1.4149593794413651,774967
41,FourPoint,1.0542154101164711,1096843
41,SixPoint,1.3320344517795866,3487864
41,CV_SevenPoint,1.4139973074979761,1112670
41,CV_EightPoint,1.4137876466257302,776814
42,FourPoint,1.3473116071404279,1083996
42,SixPoint,1.0978019693901331,3450998
42,CV_SevenPoint,1.4138977584829697,1103108
42,CV_EightPoint,1.413082614040283,781891
43,FourPoint,1.7263251267318331,1079344
43,SixPoint,1.3161174769216419,3427407
43,CV_SevenPoint,1.4149075953402679,1111376
43,CV_EightPoint,1.4141209983537044,773634
44,FourPoint,1.5913152817884351,1055293
44,SixPoint,1.3010860458990923,3436165
44,CV_SevenPoint,1.4138168040260908,1068210
44,CV_EightPoint,1.4147856690084417,771699
45,FourPoint,1.4248178554623006,1062517
45,SixPoint,1.465560149831155,3390626
45,CV_SevenPoint,1.4135183409250729,1097769
45,CV_EightPoint,1.4134228639255972,770082
46,FourPoint,1.5044561035428952,1060982
46,SixPoint,1.2738921045703742,3459501
46,CV_SevenPoint,1.4132000834780785,1088956
46,CV_EightPoint,1.4127572378999389,772656
47,FourPoint,1.0570234861327441,1092397
47,SixPoint,1.1382290491804969,3443865
47,CV_SevenPoint,1.4141017391901152,1068385
47,CV_EightPoint,1.4146253963074213,786563
48,FourPoint,0.78992166513327566,1081297
48,SixPoint,1.4733489015085881,3458618
48,CV_SevenPoint,1.4136214318853844,1106618
48,CV_EightPoint,1.4134593296922515,774549
49,FourPoint,0.85694021489613781,1071549
49,SixPoint,1.4475896239366355,3517842
49,CV_SevenPoint,1.4149599871892504,1109263
49,CV_EightPoint,1.4145558412696519,773624
50,FourPoint,0.91412921274474346,1084876
50,SixPoint,1.2790085584541908,3450331
50,CV_SevenPoint,1.4140574783383901,1098232
50,CV_EightPoint,1.4140698794077102,785173
51,FourPoint,1.7134700405873031,1054155
51,SixPoint,1.5251960249942991,3427885
51,CV_SevenPoint,1.4135089813931492,1095784
51,CV_EightPoint,1.4144141039338953,768653
52,FourPoint,1.6195547200842502,1104336
52,SixPoint,1.4151893761400425,3431506
52,CV_SevenPoint,1.4144325605971655,1095566
52,CV_EightPoint,1.4149642583612221,785068
53,FourPoint,1.4712346073040106,1075761
53,SixPoint,1.2793713215072724,3441689
53,CV_SevenPoint,1.4150883548047279,1085503
53,CV_EightPoint,1.4150782893020959,775978
54,FourPoint,0.73068332935710523,1094946
54,SixPoint,0.69824979704225754,3429114
54,CV_SevenPoint,1.4135264452009415,1126194
54,CV_EightPoint,1.4126374656312344,772757
55,FourPoint,1.7263938783317745,1134489
55,SixPoint,1.501509398541373,3464047
55,CV_SevenPoint,1.4145256689584556,1086774
55,CV_EightPoint,1.4145607375152274,777393
56,FourPoint,1.2556561389399796,1043821
56,SixPoint,1.168082381090171,3497652
56,CV_SevenPoint,1.413055605548396,1109229
56,CV_EightPoint,1.4129860054294294,776442
57,FourPoint,1.4137108003184058,1090847
57,SixPoint,1.2201315666095707,3440412
57,CV_SevenPoint,1.4146688537495198,1107803
57,CV_EightPoint,1.4131376362895336,783999
58,FourPoint,1.4799000210276965,1107352
58,SixPoint,1.5293910465309233,3436217
58,CV_SevenPoint,1.4129850455281552,1109616
58,CV_EightPoint,1.4141394725593845,771530
59,FourPoint,1.2372530023098192,1116187
59,SixPoint,1.2150371600862675,3501191
59,CV_SevenPoint,1.4141873274319519,1107168
59,CV_EightPoint,1.412993706964053,772940
60,FourPoint,1.4631643803169623,1060719
60,SixPoint,1.4998942984919525,3507818
60,CV_SevenPoint,1.4148600253158707,1117180
60,CV_EightPoint,1.4137678674397391,774333
61,FourPoint,0.75436096728397117,1124205
61,SixPoint,1.2156697221479349,3435062
61,CV_SevenPoint,1.4132674765404083,1119138
61,CV_EightPoint,1.4129232659782482,770351
62,FourPoint,0.63333085999880778,1071808
62,SixPoint,1.0785645575992608,3445981
62,CV_SevenPoint,1.4142300326398238,1099136
62,CV_EightPoint,1.4151135201555423,782771
63,FourPoint,0.58372804995436001,1089437
63,SixPoint,1.3368206784627732,3440463
63,CV_SevenPoint,1.4147264649498956,1114373
63,CV_EightPoint,1.4146749804610987,776459
64,FourPoint,1.2875289697806103,1104506
64,SixPoint,1.4838841731403047,3388397
64,CV_SevenPoint,1.4142234721342448,1109235
64,CV_EightPoint,1.4148869868291059,775911
65,FourPoint,1.4648785167977794,1105942
65,SixPoint,1.3367032121656557,3466465
65,CV_SevenPoint,1.4121668560051934,1087778
65,CV_EightPoint,1.4155081498880551,775407
66,FourPoint,1.5166884990758587,1055116
66,SixPoint,1.401737381075679,3428301
66,CV_SevenPoint,1.4133687966332638,1122404
66,CV_EightPoint,1.4115321641980771,771759
67,FourPoint,1.2194861501407916,1077473
67,SixPoint,1.3202315943027909,3486829
67,CV_SevenPoint,1.4142033639429079,1095413
67,CV_EightPoint,1.4158801512091526,777038
68,FourPoint,1.2881140137484404,1039171
68,SixPoint,1.4359557688225566,3461610
68,CV_SevenPoint,1.4134671482215857,1100248
68,CV_EightPoint,1.4155617090486403,771625
69,FourPoint,1.7213333285711068,1037269
69,SixPoint,1.5962284464136747,3491922
69,CV_SevenPoint,1.4139667794834552,1110006
69,CV_EightPoint,1.4154874870623795,771969
70,FourPoint,1.4832110623996788,1090152
70,SixPoint,1.2277022368001684,3498541
70,CV_SevenPoint,1.4141802483720751,1111816
70,CV_EightPoint,1.4136138945332737,793374
71,FourPoint,1.4864917962465636,1098081
71,SixPoint,1.5419395397683942,3489106
71,CV_SevenPoint,1.4147902813591895,1107299
71,CV_EightPoint,1.4130443777567387,770937
72,FourPoint,1.5537244001098101,1058769
72,SixPoint,1.436145985639681,3447974
72,CV_SevenPoint,1.4143931741122693,1120894
72,CV_EightPoint,1.4136824858111068,777843
73,FourPoint,1.5438454346103374,1050264
73,SixPoint,1.4906076695850001,3456770
73,CV_SevenPoint,1.416667522023809,1087662
73,CV_EightPoint,1.414375369457566,772186
74,FourPoint,1.1267953460876512,1091108
74,SixPoint,1.4818976386385738,3454180
74,CV_SevenPoint,1.414635448032376,1069409
74,CV_EightPoint,1.4136446098610445,772995
75,FourPoint,1.5045006952414508,1076363
75,SixPoint,1.3112285487805901,3438359
75,CV_SevenPoint,1.4135152802002389,1097635
75,CV_EightPoint,1.4140311290336551,783301
76,FourPoint,0.98136222463062273,1059912
76,SixPoint,1.4226916884464513,3462705
76,CV_SevenPoint,1.4142680055966186,1096727
76,CV_EightPoint,1.4140255412938274,769131
77,FourPoint,1.3719889674204508,1089496
77,SixPoint,1.4901198450206434,3474378
77,CV_SevenPoint,1.414283388548464,1087278
77,CV_EightPoint,1.4133922629825573,781871
78,FourPoint,1.2680909811353782,1071038
78,SixPoint,1.5220070551184974,3432375
78,CV_SevenPoint,1.4138932802106445,1105075
78,CV_EightPoint,1.4137196624705763,775976
79,FourPoint,0.81948605257469076,1065104
79,SixPoint,1.431977530771019,3476596
79,CV_SevenPoint,1.414488398343001,1110335
79,CV_EightPoint,1.4145865266252047,770367
80,FourPoint,1.267477672540279,1078772
80,SixPoint,1.3469859424730322,3561379
80,CV_SevenPoint,1.4146950503407658,1104142
80,CV_EightPoint,1.4145060936206644,779229
81,FourPoint,1.3312851718871885,1085634
81,SixPoint,1.5392910197684733,3484942
81,CV_SevenPoint,1.413705168069433,1074643
81,CV_EightPoint,1.4152103076292031,772336
82,FourPoint,1.0186868045188759,1099223
82,SixPoint,1.3922241669985722,3491785
82,CV_SevenPoint,1.4153770614218777,1132925
82,CV_EightPoint,1.4143258045180829,776138
83,FourPoint,1.107936229180853,1073879
83,SixPoint,1.3175675757903631,3488965
83,CV_SevenPoint,1.4140139392371447,1105631
83,CV_EightPoint,1.4140429610621428,770671
84,FourPoint,1.3879597753846598,1082122
84,SixPoint,1.3974857282255704,3452917
84,CV_SevenPoint,1.4141289194338489,1119390
84,CV_EightPoint,1.4146732808626381,775762
85,FourPoint,1.620281500810697,1067565
85,SixPoint,1.4001071719662364,3456024
85,CV_SevenPoint,1.4148993619124779,1126070
85,CV_EightPoint,1.4150318332396865,784080
86,FourPoint,1.6545645542944236,1066443
86,SixPoint,1.2029967618971489,3442977
86,CV_SevenPoint,1.4134287711032112,1075486
86,CV_EightPoint,1.4135683665502703,781081
87,FourPoint,1.3327801727649264,1077040
87,SixPoint,1.2679091758730503,3531775
87,CV_SevenPoint,1.4138662155518038,1122086
87,CV_EightPoint,1.4137277358632123,776225
88,FourPoint,1.2492437764794508,1110365
88,SixPoint,1.1223065535557513,3379820
88,CV_SevenPoint,1.4151705994978283,1126094
88,CV_EightPoint,1.415344054213427,773017
89,FourPoint,1.671681337518623,1078820
89,SixPoint,1.1888580674633102,3443625
89,CV_SevenPoint,1.4148192661869163,1113287
89,CV_EightPoint,1.4149588161498166,772728
90,FourPoint,0.98942419418409222,1054369
90,SixPoint,1.6020646494297535,3487492
90,CV_SevenPoint,1.4137883844552692,1098784
90,CV_EightPoint,1.4141809896907349,778562
91,FourPoint,1.3665397573773905,1110595
91,SixPoint,1.579301778848456,3450633
91,CV_SevenPoint,1.4135109205539402,1095882
91,CV_EightPoint,1.4151021690771015,775177
92,FourPoint,0.49666636664062308,1065094
92,SixPoint,1.7032322029800271,3384866
92,CV_SevenPoint,1.4137227770156784,1093107
92,CV_EightPoint,1.4130027184127245,776980
93,FourPoint,1.5231950656937741,1054710
93,SixPoint,1.2679679217656716,3462067
93,CV_SevenPoint,1.4138146063604398,1101289
93,CV_EightPoint,1.4147959805621657,773784
94,FourPoint,1.1315196990742995,1065726
94,SixPoint,1.5152694618518612,3424251
94,CV_SevenPoint,1.4153105747250838,1133691
94,CV_EightPoint,1.4149441310780932,773874
95,FourPoint,0.99566133116532018,1101929
95,SixPoint,0.93930760251530332,3424980
95,CV_SevenPoint,1.4152439559597536,1096147
95,CV_EightPoint,1.4149326882844668,775652
96,FourPoint,1.4921069805176153,1107412
96,SixPoint,1.3931467908877673,3465723
96,CV_SevenPoint,1.4138095401557829,1123401
96,CV_EightPoint,1.4133620623707104,772022
97,FourPoint,1.5040587209246392,1031724
97,SixPoint,1.2960225477322826,3475505
97,CV_SevenPoint,1.4158087252698635,1130295
97,CV_EightPoint,1.4125091161800574,779226
98,FourPoint,1.4180136633611871,1089653
98,SixPoint,1.6219971375427453,3460323
98,CV_SevenPoint,1.4151576395595804,1104725
98,CV_EightPoint,1.4149501860564635,773148
99,FourPoint,1.5543355052628827,1083891
99,SixPoint,1.5872511275322432,3436442
99,CV_SevenPoint,1.4149265150936179,1100871
99,CV_EightPoint,1.4144194468501081,770483
100,FourPoint,1.3413634361592908,1077486
100,SixPoint,1.6376621924008883,3411051
100,CV_SevenPoint,1.4151351423600744,1100039
100,CV_EightPoint,1.4145389451814263,780371
101,FourPoint,1.5673257254131374,1062439
101,SixPoint,1.3532487725553699,3478777
101,CV_SevenPoint,1.4137790025993267,1085824
101,CV_EightPoint,1.4146842897669007,773322
102,FourPoint,1.0205485760285196,1077131
102,SixPoint,1.0295943469865956,3473273
102,CV_SevenPoint,1.4138855889639192,1115319
102,CV_EightPoint,1.4150363150810115,776617
103,FourPoint,1.0682270391076238,1084895
103,SixPoint,1.392331000205725,3424804
103,CV_SevenPoint,1.4138770188878924,1067091
103,CV_EightPoint,1.4152881169672538,771797
104,FourPoint,0.82471794187899017,1049963
104,SixPoint,1.3030498190975091,3511875
104,CV_SevenPoint,1.4133879557942572,1098414
104,CV_EightPoint,1.4136071345768735,776286
105,FourPoint,1.575561384000661,1034984
105,SixPoint,1.602917457940273,3399710
105,CV_SevenPoint,1.4145503763802161,1122122
105,CV_EightPoint,1.4137384193389695,779366
106,FourPoint,0.76858263151641515,1095418
106,SixPoint,1.5464987715449905,3481328
106,CV_SevenPoint,1.4134947579247519,1093737
106,CV_EightPoint,1.415158076999514,774223
107,FourPoint,1.4395047674623291,1065365
107,SixPoint,1.4896060802950915,3449471
107,CV_SevenPoint,1.4134128793898855,1093427
107,CV_EightPoint,1.4118791469939542,770423
108,FourPoint,1.4027862418073926,1068755
108,SixPoint,1.1799148257892615,3409601
108,CV_SevenPoint,1.4142567714951895,1100108
108,CV_EightPoint,1.4141725603655639,779802
109,FourPoint,1.3296397108881943,1057389
109,SixPoint,1.5821728011458711,3470705
109,CV_SevenPoint,1.4145871108642671,1089078
109,CV_EightPoint,1.4137389105864073,775161
110,FourPoint,1.3529000158202245,1065040
110,SixPoint,1.4151566326902558,3498116
110,CV_SevenPoint,1.4136931664017114,1073627
110,CV_EightPoint,1.4135176279559942,779437
111,FourPoint,1.4188783609896589,1088009
111,SixPoint,1.6653504837117241,3410305
111,CV_SevenPoint,1.4135577675655335,1144632
111,CV_EightPoint,1.4145516301476682,773210
112,FourPoint,1.2004403589252741,1093624
112,SixPoint,1.4295573605729583,3442207
112,CV_SevenPoint,1.4139203087617285,1116063
112,CV_EightPoint,1.4131521975490937,772888
113,FourPoint,1.4273971575202959,1096473
113,SixPoint,1.5205370179440163,3416484
113,CV_SevenPoint,1.4132132319675024,1106421
113,CV_EightPoint,1.4152090096977963,773684
114,FourPoint,1.2727304467153793,1107320
114,SixPoint,1.1640175598375746,3427946
114,CV_SevenPoint,1.4138552307806345,1102352
114,CV_EightPoint,1.4129278884053353,773756
115,FourPoint,1.6138645405042547,1070336
115,SixPoint,1.1321597583921945,3442565
115,CV_SevenPoint,1.4139348905804119,1111237
115,CV_EightPoint,1.4131272351860344,778437
116,FourPoint,1.5530989611773727,1056180
116,SixPoint,1.4945468277529523,3431438
116,CV_SevenPoint,1.4142691109398995,1090502
116,CV_EightPoint,1.4143051798708755,777362
117,FourPoint,1.6168520232448536,1124852
117,SixPoint,1.2606648600184927,3428782
117,CV_SevenPoint,1.4137897579888821,1110446
117,CV_EightPoint,1.4136392603980403,772738
118,FourPoint,1.3842510005456599,1045264
118,SixPoint,1.2338778163890116,3423238
118,CV_SevenPoint,1.4146619957467943,1119712
118,CV_EightPoint,1.4137688462298814,777188
119,FourPoint,1.4523269172968327,1107487
119,SixPoint,1.3075123989460928,3442553
119,CV_SevenPoint,1.4137147499346625,1054958
119,CV_EightPoint,1.41281876341195,780167
120,FourPoint,0.840935035011249,1075395
120,SixPoint,1.1876891216034076,3460421
120,CV_SevenPoint,1.4143070632048804,1119650
120,CV_EightPoint,1.414607707603319,781510
121,FourPoint,1.1930457483772814,1037630
121,SixPoint,1.1055389201636421,3482359
121,CV_SevenPoint,1.4144880998398071,1081385
121,CV_EightPoint,1.41353892284966,774578
122,FourPoint,0.5928236604153746,1087597
122,SixPoint,1.3003740373956114,3461127
122,CV_SevenPoint,1.4128301674129551,1127282
122,CV_EightPoint,1.4298252734436989,774872
123,FourPoint,1.4747153753191646,1103183
123,SixPoint,1.3736633901134738,3468633
123,CV_SevenPoint,1.413636020940312,1087635
123,CV_EightPoint,1.4141169730765935,772537
124,FourPoint,0.82969002670537362,1061933
124,SixPoint,1.3844747913610711,3473004
124,CV_SevenPoint,1.4152633687273708,1087948
124,CV_EightPoint,1.4145768927308311,777138
125,FourPoint,1.4686476023449933,1116726
125,SixPoint,1.5566324935386351,3414645
125,CV_SevenPoint,1.4139416409816261,1105940
125,CV_EightPoint,1.4151778043311298,777897
126,FourPoint,1.5027271436233813,1042998
126,SixPoint,1.5419270143933737,3421259
126,CV_SevenPoint,1.4139635005390239,1097539
126,CV_EightPoint,1.4151412766979992,770572
127,FourPoint,1.725131406399641,1079334
127,SixPoint,1.30576759509951,3431996
127,CV_SevenPoint,1.4145754290932921,1097900
127,CV_EightPoint,1.4151962765528692,784142
128,FourPoint,1.6675004550083825,1065792
128,SixPoint,1.3637157126474657,3469119
128,CV_SevenPoint,1.4138267844544006,1131444
128,CV_EightPoint,1.4159207711815127,773247
129,FourPoint,0.95966037608218024,1090161
129,SixPoint,1.5374801542649799,3431967
129,CV_SevenPoint,1.41554188691508,1126772
129,CV_EightPoint,1.4156956196948793,771557
130,FourPoint,1.5262651134501548,1078553
130,SixPoint,1.3792726437022573,3451039
130,CV_SevenPoint,1.4138672361685261,1063048
130,CV_EightPoint,1.4128524315556965,780211
131,FourPoint,1.6278089227538148,1092008
131,SixPoint,1.1170075189858002,3495777
131,CV_SevenPoint,1.4150522512704888,1111111
131,CV_EightPoint,1.4141943926414902,771010
132,FourPoint,1.281374683617059,1084954
132,SixPoint,1.170761294841014,3452018
132,CV_SevenPoint,1.4150987662507784,1107384
132,CV_EightPoint,1.4131674893791462,774714
133,FourPoint,1.204009655926864,1067048
133,SixPoint,1.5723662098232281,3463950
133,CV_SevenPoint,1.4146689771680983,1105239
133,CV_EightPoint,1.4135497282290379,772439
134,FourPoint,1.5586516813023967,1063105
134,SixPoint,1.4373598419991662,3429750
134,CV_SevenPoint,1.4136893034695068,1119537
134,CV_EightPoint,1.4144808854971165,774924
135,FourPoint,1.597945562433112,1024202
135,SixPoint,1.137262119311135,3422324
135,CV_SevenPoint,1.4128388071028835,1121447
135,CV_EightPoint,1.4132056038177325,776816
136,FourPoint,0.72263054696844442,1063428
136,SixPoint,1.4688277941973635,3462641
136,CV_SevenPoint,1.4129890920390415,1099290
136,CV_EightPoint,1.4106666238342918,770914
137,FourPoint,1.0927197751487068,1071422
137,SixPoint,1.438492738206574,3436685
137,CV_SevenPoint,1.4141306423313085,1120265
137,CV_EightPoint,1.4136634987007857,773750
138,FourPoint,1.295045682573583,1070314
138,SixPoint,1.2270547813556145,3404866
138,CV_SevenPoint,1.4130656156185737,1079373
138,CV_EightPoint,1.4132875749446729,778465
139,FourPoint,1.5591574016077274,1087641
139,SixPoint,1.2681363923960438,3401586
139,CV_SevenPoint,1.4131365914311271,1151989
139,CV_EightPoint,1.4156955079560674,771335
140,FourPoint,0.8753574081738551,1090810
140,SixPoint,0.83845119220266295,3432532
140,CV_SevenPoint,1.4143633442890222,1127298
140,CV_EightPoint,1.4164067506540428,771757
141,FourPoint,1.3675050440475054,1098461
141,SixPoint,1.4907207165053069,3422347
141,CV_SevenPoint,1.414031734448616,1069793
141,CV_EightPoint,1.4149201857161162,776313
142,FourPoint,1.2648208296234382,1050760
142,SixPoint,1.0968040093133282,3439497
142,CV_SevenPoint,1.4146778724168338,1104126
142,CV_EightPoint,1.4148112295400446,779644
143,FourPoint,0.75942138540148485,1070085
143,SixPoint,1.6286073706966249,3432128
143,CV_SevenPoint,1.4149026288774884,1130849
143,CV_EightPoint,1.4145012995077135,774506
144,FourPoint,1.0748128659028875,1077811
144,SixPoint,1.6307016830661432,3488242
144,CV_SevenPoint,1.414531686565305,1103641
144,CV_EightPoint,1.413216693036339,770343
145,FourPoint,0.65777676343710878,1052130
145,SixPoint,1.4305095439121831,3465599
145,CV_SevenPoint,1.4149073803172203,1128524
145,CV_EightPoint,1.4144374052629021,772222
146,FourPoint,1.6291538495644371,1081921
146,SixPoint,1.3335244666145363,3439161
146,CV_SevenPoint,1.4143504558357438,1098338
146,CV_EightPoint,1.4154227710021481,773105
147,FourPoint,1.6167996817960382,1050859
147,SixPoint,1.4386219345237701,3446463
147,CV_SevenPoint,1.4147348779478117,1106832
147,CV_EightPoint,1.4150081921207449,778106
148,FourPoint,0.71144688799132716,1080423
148,SixPoint,1.5396743953224319,3454503
148,CV_SevenPoint,1.4164509150758349,1101181
148,CV_EightPoint,1.4148042795986515,771709
149,FourPoint,1.4124016741224461,1086906
149,SixPoint,1.5941045813340236,3433511
149,CV_SevenPoint,1.414447438959707,1076248
149,CV_EightPoint,1.4128589044116817,775387
150,FourPoint,1.1727775006241887,1096223
150,SixPoint,1.1804125207902851,3456975
150,CV_SevenPoint,1.4129096489979294,1123201
150,CV_EightPoint,1.4135026607418357,774961
151,FourPoint,1.5284601598198988,1107809
151,SixPoint,1.5129881686684163,3452606
151,CV_SevenPoint,1.4133432654284241,1087816
151,CV_EightPoint,1.4142721415091803,771667
152,FourPoint,1.6409874891804666,1066027
152,SixPoint,1.2894450529220898,3379682
152,CV_SevenPoint,1.4141680030065711,1131320
152,CV_EightPoint,1.4129731555535461,777796
153,FourPoint,1.37560088687427,1106201
153,SixPoint,1.2275468131516243,3449818
153,CV_SevenPoint,1.4138600590274764,1109888
153,CV_EightPoint,1.4145707297978749,772206
154,FourPoint,0.76478631773870476,1063088
154,SixPoint,1.6114371982712217,3458496
154,CV_SevenPoint,1.4131541887433052,1099117
154,CV_EightPoint,1.4147906253897395,775391
155,FourPoint,1.6637526896390342,1111996
155,SixPoint,1.2234974014536761,3464577
155,CV_SevenPoint,1.4134448649371454,1102454
155,CV_EightPoint,1.4151731002460988,773103
156,FourPoint,1.6259974504882522,1088894
156,SixPoint,1.2693083619452541,3454490
156,CV_SevenPoint,1.4136910292145284,1081098
156,CV_EightPoint,1.4133637324163153,774157
157,FourPoint,1.5188922734085175,1062721
157,SixPoint,1.6480126254756229,3451374
157,CV_SevenPoint,1.4146045801639093,1085803
157,CV_EightPoint,1.4144931453045857,779346
158,FourPoint,1.0661845146934994,1078600
158,SixPoint,0.53915977558829353,3443504
158,CV_SevenPoint,1.4132344270774593,1095377
158,CV_EightPoint,1.4149997359461635,774522
159,FourPoint,1.6655326449801116,1059547
159,SixPoint,1.1708462288636101,3455114
159,CV_SevenPoint,1.4138833659080468,1079156
159,CV_EightPoint,1.4129667220958813,773228
160,FourPoint,1.4929174132190628,1109058
160,SixPoint,1.3082257916004862,3448281
160,CV_SevenPoint,1.4143158310592385,1101865
160,CV_EightPoint,1.4143313502544705,790034
161,FourPoint,0.93383825555605093,1019588
161,SixPoint,1.3292204160415477,3445087
161,CV_SevenPoint,1.4143994140248752,1113136
161,CV_EightPoint,1.4134550594122541,771420
162,FourPoint,1.2575746918121187,1075622
162,SixPoint,1.625444111838859,3445354
162,CV_SevenPoint,1.414531917405369,1085389
162,CV_EightPoint,1.4154603854287107,779855
163,FourPoint,1.1818376564330004,1063181
163,SixPoint,1.3107413674824517,3453172
163,CV_SevenPoint,1.414815139166596,1116677
163,CV_EightPoint,1.4131922594154485,776761
164,FourPoint,1.0058372263853954,1093809
164,SixPoint,1.3286526182162044,3456723
164,CV_SevenPoint,1.4149107581094731,1142305
164,CV_EightPoint,1.4143239557491893,775489
165,FourPoint,1.3316382245220011,1078833
165,SixPoint,1.381523285627779,3470678
165,CV_SevenPoint,1.4145953553234407,1124232
165,CV_EightPoint,1.4130642424217672,771269
166,FourPoint,1.400299667866225,1045638
166,SixPoint,1.6482546599724748,3451525
166,CV_SevenPoint,1.4136524531744405,1125932
166,CV_EightPoint,1.4147369126503546,775084
167,FourPoint,1.5287395666391834,1091481
167,SixPoint,1.3819667106463838,3454572
167,CV_SevenPoint,1.4149713093912257,1098235
167,CV_EightPoint,1.414617541254618,785295
168,FourPoint,0.81663213430261472,1081267
168,SixPoint,1.4796681676874217,3446236
168,CV_SevenPoint,1.4147297738773532,1129171
168,CV_EightPoint,1.4132817002204996,768717
169,FourPoint,1.6392255025593594,1060250
169,SixPoint,1.3198393190694269,3362730
169,CV_SevenPoint,1.4142236308588196,1100852
169,CV_EightPoint,1.4135444762361034,770103
170,FourPoint,1.3935114908178721,1057917
170,SixPoint,1.3007374384552077,3422624
170,CV_SevenPoint,1.4147683042647294,1086333
170,CV_EightPoint,1.4154384375423901,774195
171,FourPoint,1.6764259133470154,1076206
171,SixPoint,1.6044927243052645,3485822
171,CV_SevenPoint,1.414225416411562,1089003
171,CV_EightPoint,1.4155026588543289,778777
172,FourPoint,0.62498096096679945,1073119
172,SixPoint,1.3209576281076911,3479663
172,CV_SevenPoint,1.4143706227273984,1101533
172,CV_EightPoint,1.4165281405939198,778930
173,FourPoint,1.1320972456631342,1047998
173,SixPoint,1.2719619915623837,3499647
173,CV_SevenPoint,1.4141330023551626,1096085
173,CV_EightPoint,1.4131045339976236,802198
174,FourPoint,1.5099962765113726,1112652
174,SixPoint,1.5362133421161857,3482052
174,CV_SevenPoint,1.4155218888673287,1132049
174,CV_EightPoint,1.4136894999749421,772478
175,FourPoint,1.6693440162661455,1028111
175,SixPoint,1.1348845791845907,3440886
175,CV_SevenPoint,1.4135654360409158,1095903
175,CV_EightPoint,1.4147462840217961,771276
176,FourPoint,1.4243331742997698,1067582
176,SixPoint,1.5169987899310082,3462225
176,CV_SevenPoint,1.4148394167313407,1069049
176,CV_EightPoint,1.4146527762517143,771514
177,FourPoint,1.6453394405546995,1086717
177,SixPoint,1.5163349177734762,3454686
177,CV_SevenPoint,1.4143243468624374,1113038
177,CV_EightPoint,1.4132589878299489,777000
178,FourPoint,1.7142351944202485,1064311
178,SixPoint,1.5086793336932678,3509363
178,CV_SevenPoint,1.4146427526782135,1098266
178,CV_EightPoint,1.4141650282193856,773159
179,FourPoint,1.3829861904003085,1119540
179,SixPoint,1.1530664457173079,3488180
179,CV_SevenPoint,1.4138338622160824,1118244
179,CV_EightPoint,1.4139630829615977,771607
180,FourPoint,1.6501355191083977,1087000
180,SixPoint,0.87125413961580189,3421738
180,CV_SevenPoint,1.4135835349361177,1129528
180,CV_EightPoint,1.413088418155106,771930
181,FourPoint,1.2925419084509469,1075185
181,SixPoint,1.5093178422985221,3478260
181,CV_SevenPoint,1.4136985627902161,1100853
181,CV_EightPoint,1.410855631220858,772495
182,FourPoint,1.2296907879338064,1120417
182,SixPoint,1.6598965745949914,3432115
182,CV_SevenPoint,1.4134121514481828,1133794
182,CV_EightPoint,1.4157433423924246,785057
183,FourPoint,1.6378041384488682,1079149
183,SixPoint,1.5725192345224261,3474049
183,CV_SevenPoint,1.4136363805065735,1091265
183,CV_EightPoint,1.4148292544531709,771494
184,FourPoint,1.1816351193074353,1093051
184,SixPoint,1.6410375509056487,3442723
184,CV_SevenPoint,1.4138437797494838,1132911
184,CV_EightPoint,1.4144435833077618,769909
185,FourPoint,1.2082897100132381,1029873
185,SixPoint,1.3942499114103823,3505251
185,CV_SevenPoint,1.4138171827300241,1082517
185,CV_EightPoint,1.4143401189181051,781418
186,FourPoint,1.5159617865888133,1106139
186,SixPoint,1.544501957851655,3484813
186,CV_SevenPoint,1.4146102898338309,1102775
186,CV_EightPoint,1.4133757697118592,771618
187,FourPoint,1.5630278881159743,1052279
187,SixPoint,1.6379898065291854,3480655
187,CV_SevenPoint,1.414156781474176,1104793
187,CV_EightPoint,1.4128933594040753,777595
188,FourPoint,1.2504557716016893,1096327
188,SixPoint,1.2650926551904307,3414646
188,CV_SevenPoint,1.414811680873804,1114800
188,CV_EightPoint,1.4150849122585853,774385
189,FourPoint,1.3366404185592291,1055709
189,SixPoint,1.2108895816508132,3463943
189,CV_SevenPoint,1.4137079388347202,1108678
189,CV_EightPoint,1.4138107327453224,773154
190,FourPoint,1.2036793600916798,1061422
190,SixPoint,1.5414998937151561,3471147
190,CV_SevenPoint,1.4150209020976956,1115882
190,CV_EightPoint,1.4150466553499066,779851
191,FourPoint,1.2707341530594198,1074752
191,SixPoint,1.3036803836776856,3404927
191,CV_SevenPoint,1.4127358724658603,1142620
191,CV_EightPoint,1.4144671570735656,773773
192,FourPoint,1.4013211607996727,1084098
192,SixPoint,1.5431326235450695,3520275
192,CV_SevenPoint,1.4141693861647371,1058790
192,CV_EightPoint,1.4150163732126446,776620
193,FourPoint,0.53437999863830321,1053025
193,SixPoint,1.5973530960586018,3451311
193,CV_SevenPoint,1.4140897164431439,1101382
193,CV_EightPoint,1.4110769611372553,773153
194,FourPoint,1.0323527754732669,1082718
194,SixPoint,1.3997485344719425,3456593
194,CV_SevenPoint,1.4129413234972346,1066474
194,CV_EightPoint,1.414631747762654,774512
195,FourPoint,1.7282059297853618,1085952
195,SixPoint,1.2438355359515234,3416930
195,CV_SevenPoint,1.4144356043811881,1127455
195,CV_EightPoint,1.4145171478707814,778320
196,FourPoint,1.3141001842112336,1091181
196,SixPoint,1.3409365931071415,3441205
196,CV_SevenPoint,1.4140821383670414,1133895
196,CV_EightPoint,1.4139817375421011,778553
197,FourPoint,1.2145476506128945,1092417
197,SixPoint,1.2591260356000151,3424665
197,CV_SevenPoint,1.414868894162959,1068292
197,CV_EightPoint,1.4128674324759527,776329
198,FourPoint,0.89993896740043744,1113090
198,SixPoint,1.1492075663220864,3482656
198,CV_SevenPoint,1.4142434035904863,1134078
198,CV_EightPoint,1.4142093135731169,779558
199,FourPoint,1.4242764710220848,1054968
199,SixPoint,1.6860988032551503,3453513
199,CV_SevenPoint,1.4142584624544274,1105377
199,CV_EightPoint,1.4150735197915782,773957
200,FourPoint,1.1848916935525289,1112194
200,SixPoint,1.0875726452918568,3450587
200,CV_SevenPoint,1.4142369986473651,1116145
200,CV_EightPoint,1.41431758810924,779425
201,FourPoint,0.68063826198297561,1091565
201,SixPoint,1.4827077098661159,3490160
201,CV_SevenPoint,1.4133517996117122,1076118
201,CV_EightPoint,1.4136353117678095,775192
202,FourPoint,1.3128156180848933,1051551
202,SixPoint,1.6474469626537946,3455280
202,CV_SevenPoint,1.4139435833417227,1094517
202,CV_EightPoint,1.4139554581436673,773881
203,FourPoint,1.2831910572314065,1086108
203,SixPoint,1.2897168905758578,3470669
203,CV_SevenPoint,1.4140851331781736,1080055
203,CV_EightPoint,1.4146367680996188,773070
204,FourPoint,1.5004397801090845,1042364
204,SixPoint,1.5079654834932736,3464534
204,CV_SevenPoint,1.4154146831597498,1089926
204,CV_EightPoint,1.4159037837503317,775906
205,FourPoint,1.539074800719227,1084304
205,SixPoint,1.4731623205636915,3498359
205,CV_SevenPoint,1.4146059006060754,1061333
205,CV_EightPoint,1.413757424447396,778891
206,FourPoint,0.49152151023690965,1081020
206,SixPoint,1.1657581267070012,3444824
206,CV_SevenPoint,1.4152582642670797,1086899
206,CV_EightPoint,1.4070554989290636,773085
207,FourPoint,1.2174241571454913,1069372
207,SixPoint,1.6931762345670298,3481958
207,CV_SevenPoint,1.4146629762470593,1117521
207,CV_EightPoint,1.4149410789153254,779508
208,FourPoint,1.6628270436432671,1073643
208,SixPoint,1.282676219200189,3492688
208,CV_SevenPoint,1.414188867402675,1097110
208,CV_EightPoint,1.4133603932239407,774258
209,FourPoint,1.679141552175381,1063853
209,SixPoint,1.2878512180879109,3447923
209,CV_SevenPoint,1.4140249764836144,1096971
209,CV_EightPoint,1.4151075404461562,773501
210,FourPoint,0.93327044369487977,1059154
210,SixPoint,1.2848355710937578,3443867
210,CV_SevenPoint,1.4138322342950849,1110658
210,CV_EightPoint,1.4132003294107682,779509
211,FourPoint,1.2844050145030232,1095190
211,SixPoint,1.4699753342730419,3548413
211,CV_SevenPoint,1.4156559276268579,1075804
211,CV_EightPoint,1.4155204216362858,774609
212,FourPoint,1.6630783068705761,1100134
212,SixPoint,1.6134361904356838,3438889
212,CV_SevenPoint,1.4142368902416502,1090047
212,CV_EightPoint,1.4146370207017036,772034
213,FourPoint,1.1743271840858927,1067912
213,SixPoint,1.5992470428211669,3413504
213,CV_SevenPoint,1.4141373538135065,1092713
213,CV_EightPoint,1.4128315551448094,778575
214,FourPoint,1.5449068367396761,1087680
214,SixPoint,1.2215052193983147,3451058
214,CV_SevenPoint,1.4145819594282911,1105595
214,CV_EightPoint,1.4152011352047478,778923
215,FourPoint,1.3331359764690767,1076712
215,SixPoint,1.3886173856705852,3460380
215,CV_SevenPoint,1.4143989320160606,1091590
215,CV_EightPoint,1.4145707794254778,777445
216,FourPoint,1.3331255039180581,1081056
216,SixPoint,1.6859058335067152,3413352
216,CV_SevenPoint,1.4135414028977171,1112550
216,CV_EightPoint,1.4132705844182203,769832
217,FourPoint,1.1983322190677166,1086232
217,SixPoint,1.4206957295044886,3487406
217,CV_SevenPoint,1.4137369249941028,1106687
217,CV_EightPoint,1.4128056645660017,773832
218,FourPoint,1.4262567758916023,1091230
218,SixPoint,0.98102734907036748,3431843
218,CV_SevenPoint,1.4139628124815742,1104462
218,CV_EightPoint,1.4155554387726035,781597
219,FourPoint,1.6948052387709618,1049511
219,SixPoint,1.120738216524034,3477102
219,CV_SevenPoint,1.413853851983319,1098058
219,CV_EightPoint,1.4143523001240019,773781
220,FourPoint,1.1759935809239503,1103582
220,SixPoint,1.6486770478013135,3405567
220,CV_SevenPoint,1.414295963253041,1103668
220,CV_EightPoint,1.4147341684899026,782984
221,FourPoint,1.3197116695547644,1084890
221,SixPoint,1.3575149849064712,3459136
221,CV_SevenPoint,1.41509784227751,1117180
221,CV_EightPoint,1.4130317607597995,774901
222,FourPoint,1.2491257879780411,1061439
222,SixPoint,1.2974020345658712,3489903
222,CV_SevenPoint,1.4149344801414534,1122221
222,CV_EightPoint,1.4135257645827779,778963
223,FourPoint,1.3083312006127561,1092622
223,SixPoint,1.6027915739731373,3484082
223,CV_SevenPoint,1.4149581240639058,1100958
223,CV_EightPoint,1.4139361672954591,775048
224,FourPoint,1.4333593703172403,1099059
224,SixPoint,1.2545824342662995,3475276
224,CV_SevenPoint,1.4144429676486761,1087108
224,CV_EightPoint,1.4154700348081981,775071
225,FourPoint,1.4898938165031543,1103322
225,SixPoint,1.6405328657073477,3469454
225,CV_SevenPoint,1.4147257072833208,1078481
225,CV_EightPoint,1.4132330708151384,778025
226,FourPoint,1.4190751226677172,1078298
226,SixPoint,1.139544004976734,3477058
226,CV_SevenPoint,1.4155034169562783,1114369
226,CV_EightPoint,1.4159457854607738,781507
227,FourPoint,1.2283200767743949,1065429
227,SixPoint,1.4621702761726316,3404139
227,CV_SevenPoint,1.4150179797796114,1105814
227,CV_EightPoint,1.4145157546831924,783178
228,FourPoint,0.69372438336799036,1084617
228,SixPoint,1.5474332888684288,3479734
228,CV_SevenPoint,1.4144212699986176,1120990
228,CV_EightPoint,1.4154215405750723,777093
229,FourPoint,0.91794529774416445,1090362
229,SixPoint,1.1925067224551587,3453216
229,CV_SevenPoint,1.4141519174568844,1087637
229,CV_EightPoint,1.4134775485619044,787273
230,FourPoint,1.2950631651534477,1075929
230,SixPoint,1.4892140337166233,3426439
230,CV_SevenPoint,1.4137919403595902,1122104
230,CV_EightPoint,1.4134316875663029,781724
231,FourPoint,1.1000876829299457,1082544
231,SixPoint,1.3525948843229982,3474128
231,CV_SevenPoint,1.4142700693341961,1113694
231,CV_EightPoint,1.4143888811578982,770815
232,FourPoint,1.3992631279298162,1074085
232,SixPoint,1.4164287221040606,3433016
232,CV_SevenPoint,1.4135796155795497,1101054
232,CV_EightPoint,1.4136309790262709,774455
233,FourPoint,0.914937043279902,1095018
233,SixPoint,1.6759654393844616,3450176
233,CV_SevenPoint,1.414582031209751,1109909
233,CV_EightPoint,1.4140450564505058,769470
234,FourPoint,1.0341718045034047,1068091
234,SixPoint,1.4191639562470522,3509965
234,CV_SevenPoint,1.4144446209759618,1104594
234,CV_EightPoint,1.4129311230245689,776468
235,FourPoint,1.6842859195791069,1046494
235,SixPoint,1.0891851740726333,3389447
235,CV_SevenPoint,1.4142715652634668,1098042
235,CV_EightPoint,1.4147907026849997,779992
236,FourPoint,1.5817840545265121,1045593
236,SixPoint,1.0303718698614588,3448629
236,CV_SevenPoint,1.4150583759111894,1099918
236,CV_EightPoint,1.4134265270476702,773806
237,FourPoint,1.7313241478127579,1041717
237,SixPoint,1.1545181363653489,3401031
237,CV_SevenPoint,1.4132659156637621,1151450
237,CV_EightPoint,1.4143855995698604,777857
238,FourPoint,1.2384863971369371,1072857
238,SixPoint,1.1035216086556638,3455903
238,CV_SevenPoint,1.4142567817523315,1066630
238,CV_EightPoint,1.4153995690118986,777349
239,FourPoint,1.4074934156152275,1049111
239,SixPoint,1.3976926988286555,3417212
239,CV_SevenPoint,1.4137560244467657,1068818
239,CV_EightPoint,1.4136661749706791,772731
240,FourPoint,1.4167813350100178,1078046
240,SixPoint,1.3166220327726559,3481990
240,CV_SevenPoint,1.4139034472358796,1115834
240,CV_EightPoint,1.4154446490527266,784261
241,FourPoint,1.6876468584027819,1097235
241,SixPoint,1.5112632540654793,3446345
241,CV_SevenPoint,1.4133141614528908,1104306
241,CV_EightPoint,1.4155583281693387,774763
242,FourPoint,1.1729617250112843,1117329
242,SixPoint,1.3561653178394104,3444034
242,CV_SevenPoint,1.4156104177751301,1132207
242,CV_EightPoint,1.4132102771876549,783350
243,FourPoint,1.4733199139429294,1064337
243,SixPoint,1.4376255361100361,3486108
243,CV_SevenPoint,1.4141389490659975,1115977
243,CV_EightPoint,1.4147288656686594,776907
244,FourPoint,0.71270179838739856,1114489
244,SixPoint,1.2710029465381305,3481164
244,CV_SevenPoint,1.4143089946334024,1094419
244,CV_EightPoint,1.4148924523522337,773075
245,FourPoint,1.6547116267686515,1105463
245,SixPoint,1.3915184927727828,3450852
245,CV_SevenPoint,1.41464446497653,1124417
245,CV_EightPoint,1.4148938347035043,775892
246,FourPoint,1.3715945328321573,1049300
246,SixPoint,1.1618976581845375,3440926
246,CV_SevenPoint,1.4143279453108109,1067988
246,CV_EightPoint,1.4116637150434677,772592
247,FourPoint,1.4358880589724092,1095458
247,SixPoint,1.3286739319882845,3398270
247,CV_SevenPoint,1.4100420246196483,1089974
247,CV_EightPoint,1.4139825900397671,774486
248,FourPoint,0.87045096960480595,1051500
248,SixPoint,1.4133371019160732,3457162
248,CV_SevenPoint,1.4142489505723876,1098647
248,CV_EightPoint,1.4203472433433402,774435
249,FourPoint,0.57691156991343084,1084019
249,SixPoint,0.65184406560318742,3417736
249,CV_SevenPoint,1.4129875631131337,1109800
249,CV_EightPoint,1.4137163345657162,778309
250,FourPoint,1.3173440447265909,1069560
250,SixPoint,0.83183271449694096,3406708
250,CV_SevenPoint,1.4141729794632787,1100240
250,CV_EightPoint,1.414299243440696,775765
251,FourPoint,1.4537474988594847,1085235
251,SixPoint,1.4921208562189423,3417778
251,CV_SevenPoint,1.4153222712943978,1105346
251,CV_EightPoint,1.4152355816512918,775686
252,FourPoint,1.6933618139493209,1110298
252,SixPoint,1.3190919124346621,3488097
252,CV_SevenPoint,1.414912224180698,1110531
252,CV_EightPoint,1.41510878701124,790308
253,FourPoint,0.49298162607365931,1067071
253,SixPoint,1.5252691968388861,3460808
253,CV_SevenPoint,1.4115956442544857,1144523
253,CV_EightPoint,1.4131437834803378,774925
254,FourPoint,1.620285086867816,1076378
254,SixPoint,1.4035597967099294,3432672
254,CV_SevenPoint,1.4151331074554749,1110697
254,CV_EightPoint,1.4134389311921305,772909
255,FourPoint,1.5529027423483259,1115013
255,SixPoint,0.95675768617245083,3451188
255,CV_SevenPoint,1.4137387412525277,1115279
255,CV_EightPoint,1.4136655079475129,779150
256,FourPoint,1.2892842465335657,1095109
256,SixPoint,1.1913559470536061,3469337
256,CV_SevenPoint,1.4165341153715836,1117408
256,CV_EightPoint,1.4141124201672499,772072
257,FourPoint,1.6167419452860579,1079018
257,SixPoint,1.3042924938224769,3397411
257,CV_SevenPoint,1.4143246244329386,1136551
257,CV_EightPoint,1.4148125609662785,779523
258,FourPoint,1.4899364682378822,1063569
258,SixPoint,1.4177885737729714,3459316
258,CV_SevenPoint,1.4199260864247234,1112387
258,CV_EightPoint,1.4152147512777802,775229
259,FourPoint,1.0300681501385573,1045094
259,SixPoint,1.3353037681034881,3414989
259,CV_SevenPoint,1.4137247568581404,1148543
259,CV_EightPoint,1.415003281117831,771738
260,FourPoint,1.4538065843523142,1108451
260,SixPoint,1.3869110178608453,3407465
260,CV_SevenPoint,1.4148350215417638,1093184
260,CV_EightPoint,1.4147018062944576,777098
261,FourPoint,1.4894875719960028,1120252
261,SixPoint,1.6096243145756703,3466879
261,CV_SevenPoint,1.4146247515859864,1122110
261,CV_EightPoint,1.4137703249638123,772522
262,FourPoint,1.0810032905468692,1035757
262,SixPoint,1.519737647207732,3455129
262,CV_SevenPoint,1.4135771244602369,1097105
262,CV_EightPoint,1.414052218342426,778630
263,FourPoint,1.1781485841812889,1099814
263,SixPoint,1.1752379644337991,3472425
263,CV_SevenPoint,1.4142175268637389,1146985
263,CV_EightPoint,1.4122725546747978,778331
264,FourPoint,1.6764888697362041,1067914
264,SixPoint,1.2586603981022402,3421970
264,CV_SevenPoint,1.4147755185291191,1097653
264,CV_EightPoint,1.4138303736334874,770941
265,FourPoint,1.1900907548992332,1054747
265,SixPoint,1.5991257053321126,3449202
265,CV_SevenPoint,1.4136250089579532,1102706
265,CV_EightPoint,1.4144723824187124,779662
266,FourPoint,1.4212344104355661,1060164
266,SixPoint,1.3123882363942962,3427834
266,CV_SevenPoint,1.4145866737103296,1091327
266,CV_EightPoint,1.4144915640247684,778047
267,FourPoint,0.90267968517987296,1087954
267,SixPoint,1.6459484837816749,3461592
267,CV_SevenPoint,1.4128278032898702,1118496
267,CV_EightPoint,1.4151265733729346,781445
268,FourPoint,0.97242285645449666,1052322
268,SixPoint,1.4250667173525104,3480889
268,CV_SevenPoint,1.4133854059663513,1096127
268,CV_EightPoint,1.4133675020467167,770872
269,FourPoint,1.0284235059939792,1047512
269,SixPoint,1.3297319073307732,3427403
269,CV_SevenPoint,1.4143029737222406,1079365
269,CV_EightPoint,1.414873885177244,777305
270,FourPoint,1.0011258904425941,1035596
270,SixPoint,1.5240928879317353,3467066
270,CV_SevenPoint,1.4114969105336419,1121682
270,CV_EightPoint,1.413885045134565,777486
271,FourPoint,1.1759357443268619,1103021
271,SixPoint,1.5773590243874616,3470621
271,CV_SevenPoint,1.4131685026711698,1093000
271,CV_EightPoint,1.4126191147742477,775310
272,FourPoint,1.1081564890153652,1043288
272,SixPoint,1.5017581298584717,3434786
272,CV_SevenPoint,1.4141366717478394,1113141
272,CV_EightPoint,1.415777264765026,769644
273,FourPoint,1.381122876962952,1121900
273,SixPoint,1.4756466186176322,3505303
273,CV_SevenPoint,1.4148467900800914,1104889
273,CV_EightPoint,1.414919963175379,778312
274,FourPoint,0.94565668642593481,1092850
274,SixPoint,1.352181604915982,3476461
274,CV_SevenPoint,1.4147500521888425,1121807
274,CV_EightPoint,1.4141527322717018,776081
275,FourPoint,1.1748486649088106,1108563
275,SixPoint,1.186975856803631,3477846
275,CV_SevenPoint,1.4142895489771941,1084912
275,CV_EightPoint,1.4144506599552544,777982
276,FourPoint,1.6658715613612698,1089559
276,SixPoint,1.1758004495099201,3489178
276,CV_SevenPoint,1.4138226895973987,1111618
276,CV_EightPoint,1.4141418957441041,773017
277,FourPoint,1.1958735519119279,1104516
277,SixPoint,1.1302729103877871,3480428
277,CV_SevenPoint,1.4140144133606025,1099786
277,CV_EightPoint,1.4126566360292396,772755
278,FourPoint,1.5166681291313915,1075174
278,SixPoint,1.4656679618105295,3487205
278,CV_SevenPoint,1.4131577975154646,1072721
278,CV_EightPoint,1.4130662872136344,773542
279,FourPoint,1.52415921726954,1048855
279,SixPoint,1.3798975520432317,3382161
279,CV_SevenPoint,1.4143811519046015,1076801
279,CV_EightPoint,1.4138194319530346,769435
280,FourPoint,0.63140449666429543,1061429
280,SixPoint,1.0875340753540734,3458979
280,CV_SevenPoint,1.4143517984265488,1103193
280,CV_EightPoint,1.4136432897280846,773673
281,FourPoint,1.6491978714149933,1066329
281,SixPoint,1.190095595409056,3474644
281,CV_SevenPoint,1.4137311570259379,1159692
281,CV_EightPoint,1.4139242553213782,776415
282,FourPoint,1.6293969405987958,1073104
282,SixPoint,1.1568586980370505,3480586
282,CV_SevenPoint,1.4149203959924774,1077343
282,CV_EightPoint,1.4137735775309128,771290
283,FourPoint,1.1846317033213725,1110184
283,SixPoint,1.1563888960043265,3462845
283,CV_SevenPoint,1.4143859346982688,1082604
283,CV_EightPoint,1.4170941210640724,778525
284,FourPoint,1.3675054885480777,1076913
284,SixPoint,1.3474699093411211,3437665
284,CV_SevenPoint,1.4132091461479914,1122563
284,CV_EightPoint,1.4132515083836299,782049
285,FourPoint,1.1255423210158726,1076826
285,SixPoint,0.97701227262662993,3510425
285,CV_SevenPoint,1.4130850253329834,1088207
285,CV_EightPoint,1.4151874474270458,780511
286,FourPoint,1.3794131928762512,1057842
286,SixPoint,1.5618556326072097,3482894
286,CV_SevenPoint,1.4135691487450879,1105975
286,CV_EightPoint,1.4147892645807101,776538
287,FourPoint,1.3481053059283534,1085417
287,SixPoint,1.4246112143735832,3486193
287,CV_SevenPoint,1.4146336110626663,1104165
287,CV_EightPoint,1.4140932017876224,772820
288,FourPoint,1.4912589299329664,1076952
288,SixPoint,1.571587803347684,3412353
288,CV_SevenPoint,1.4143987776757281,1126695
288,CV_EightPoint,1.4131102111551073,771044
289,FourPoint,1.6836671757102473,1061357
289,SixPoint,1.4768167888028951,3457763
289,CV_SevenPoint,1.4150191953364573,1097436
289,CV_EightPoint,1.4134810403429015,775659
290,FourPoint,1.18863047148033,1058769
290,SixPoint,1.4266991874964958,3452258
290,CV_SevenPoint,1.4122838540069829,1096220
290,CV_EightPoint,1.4141294523903667,776318
291,FourPoint,1.168311881118087,1087935
291,SixPoint,1.1422569869233294,3506474
291,CV_SevenPoint,1.4145746241505566,1107445
291,CV_EightPoint,1.4133777078598451,775703
292,FourPoint,0.75587760050755703,1066106
292,SixPoint,1.5963371723973399,3446058
292,CV_SevenPoint,1.4158424101704723,1125673
292,CV_EightPoint,1.4134564680800696,775150
293,FourPoint,1.6798965964538848,1067093
293,SixPoint,1.5201058718243383,3453060
293,CV_SevenPoint,1.4141705951564996,1106616
293,CV_EightPoint,1.414554812922717,776161
294,FourPoint,1.556915960441303,1058255
294,SixPoint,1.4784368386201456,3458019
294,CV_SevenPoint,1.414474140146353,1090535
294,CV_EightPoint,1.4156889676249711,772630
295,FourPoint,1.5075932432946766,1074414
295,SixPoint,1.5011049084756498,3506969
295,CV_SevenPoint,1.4140994331215808,1106378
295,CV_EightPoint,1.4140739405123419,787450
296,FourPoint,1.5203986200651012,1062080
296,SixPoint,1.2899628337578553,3433858
296,CV_SevenPoint,1.4142380588500625,1104860
296,CV_EightPoint,1.4142323122129299,771302
297,FourPoint,0.99671986502792498,1063357
297,SixPoint,1.4750897184824452,3488159
297,CV_SevenPoint,1.4136084113689795,1098872
297,CV_EightPoint,1.4143954885109706,773236
298,FourPoint,1.4114331118617232,1071022
298,SixPoint,1.5592550968269234,3422369
298,CV_SevenPoint,1.4142056294543233,1094551
298,CV_EightPoint,1.4142562221744388,773438
299,FourPoint,1.5241937441739615,1106784
299,SixPoint,1.0784072864789696,3490363
299,CV_SevenPoint,1.4146566731997623,1144513
299,CV_EightPoint,1.4139363331013277,771945
300,FourPoint,1.6080421047533073,1097401
300,SixPoint,1.6544531427239324,3482471
300,CV_SevenPoint,1.4154134595764907,1058530
300,CV_EightPoint,1.4136815771960451,779841
301,FourPoint,1.259025920733879,1037416
301,SixPoint,1.3658061291511594,3444940
301,CV_SevenPoint,1.415092316632439,1122861
301,CV_EightPoint,1.412681539329909,775956
302,FourPoint,1.3179434811982842,1078390
302,SixPoint,1.3316699940123595,3447106
302,CV_SevenPoint,1.4132188864834871,1129284
302,CV_EightPoint,1.4139964032480894,777927
303,FourPoint,1.2566713579800737,1057476
303,SixPoint,1.4909351207697261,3452797
303,CV_SevenPoint,1.4132550964977599,1103641
303,CV_EightPoint,1.4127777293231718,775763
304,FourPoint,1.5680277296249832,1075068
304,SixPoint,1.4260931301861917,3437766
304,CV_SevenPoint,1.4142493834207268,1083405
304,CV_EightPoint,1.4159149829999702,778286
305,FourPoint,1.2543748237634305,1108701
305,SixPoint,1.3388707977595635,3450460
305,CV_SevenPoint,1.4132887318466008,1090265
305,CV_EightPoint,1.416829215361441,784699
306,FourPoint,1.5642080709754311,1057264
306,SixPoint,1.3285685288914542,3451340
306,CV_SevenPoint,1.4136756652567486,1082888
306,CV_EightPoint,1.4133033038919609,783902
307,FourPoint,1.3983596547092298,1104463
307,SixPoint,1.3454482819535483,3422205
307,CV_SevenPoint,1.4141202205081795,1119038
307,CV_EightPoint,1.4139670122727748,772062
308,FourPoint,1.5859240285622969,1064933
308,SixPoint,1.6829312852303897,3418737
308,CV_SevenPoint,1.414735987508329,1105758
308,CV_EightPoint,1.4145713320168405,769550
309,FourPoint,1.6190875608459649,1096363
309,SixPoint,1.2657922237330903,3424072
309,CV_SevenPoint,1.4148328262686556,1080061
309,CV_EightPoint,1.4132520300128384,779671
310,FourPoint,1.6899890914449789,1096309
310,SixPoint,1.4003753778175052,3418912
310,CV_SevenPoint,1.4134946741043852,1149362
310,CV_EightPoint,1.4144945264439475,778438
311,FourPoint,1.1023502606889279,1069943
311,SixPoint,1.2768524507887633,3401995
311,CV_SevenPoint,1.4145783970739645,1108147
311,CV_EightPoint,1.4152084219829186,779784
312,FourPoint,1.5132532119213522,1114300
312,SixPoint,1.4903123351000549,3433480
312,CV_SevenPoint,1.4140694023940177,1068336
312,CV_EightPoint,1.4136535716552743,774319
313,FourPoint,0.83066380877821189,1086831
313,SixPoint,1.4119902651429994,3465183
313,CV_SevenPoint,1.4139784277083447,1114807
313,CV_EightPoint,1.4156372527904575,775686
314,FourPoint,1.2264844591021373,1054689
314,SixPoint,1.3818252946700167,3504235
314,CV_SevenPoint,1.4158708184663946,1110158
314,CV_EightPoint,1.4152647341050877,775226
315,FourPoint,1.2599342453607507,1084045
315,SixPoint,1.555283823165527,3450793
315,CV_SevenPoint,1.4144618909857563,1110993
315,CV_EightPoint,1.4146758125829542,778896
316,FourPoint,0.79535017234839622,1109159
316,SixPoint,1.5198426996380141,3476538
316,CV_SevenPoint,1.4146590959350032,1115968
316,CV_EightPoint,1.4151007203556318,774415
317,FourPoint,1.5569454081128586,1067949
317,SixPoint,1.7041563856290129,3440234
317,CV_SevenPoint,1.4137314687047045,1085759
317,CV_EightPoint,1.4132278011624804,785161
318,FourPoint,1.5543479768289834,1115830
318,SixPoint,1.4232648169884923,3431913
318,CV_SevenPoint,1.4147260004209938,1089158
318,CV_EightPoint,1.4216639879947215,776404
319,FourPoint,0.88241650079879042,1120898
319,SixPoint,1.2792563157228856,3450001
319,CV_SevenPoint,1.4133846247193127,1105038
319,CV_EightPoint,1.4130796122885632,774698
320,FourPoint,0.9608101386901291,1095450
320,SixPoint,1.2537987010402829,3469512
320,CV_SevenPoint,1.4141179345281687,1091605
320,CV_EightPoint,1.4138689421411503,777517
321,FourPoint,1.2972500600070744,1061211
321,SixPoint,1.1327066925323375,3438708
321,CV_SevenPoint,1.4145036958569759,1099294
321,CV_EightPoint,1.4145469934901516,776506
322,FourPoint,1.2880371928535341,1089133
322,SixPoint,1.1113215340174634,3384294
322,CV_SevenPoint,1.4104213273946788,1155358
322,CV_EightPoint,1.4114425159095554,778641
323,FourPoint,1.5355190756915715,1119099
323,SixPoint,1.0972882274911091,3390866
323,CV_SevenPoint,1.4157341532788896,1083095
323,CV_EightPoint,1.4141035840952927,775412
324,FourPoint,1.2581504888025201,1069026
324,SixPoint,1.7089708740203255,3440050
324,CV_SevenPoint,1.4135423572666164,1127159
324,CV_EightPoint,1.4137902243860403,773130
325,FourPoint,1.0560350358228423,1100081
325,SixPoint,0.79547056763040858,3442225
325,CV_SevenPoint,1.4142206583446204,1120226
325,CV_EightPoint,1.4135253603501798,779525
326,FourPoint,1.27650012338573,1069682
326,SixPoint,1.6051844210896857,3455585
326,CV_SevenPoint,1.4135912244004012,1126317
326,CV_EightPoint,1.4140355280667865,775142
327,FourPoint,1.0267569918340491,1046607
327,SixPoint,1.5564274241395357,3419335
327,CV_SevenPoint,1.4141520014725208,1112436
327,CV_EightPoint,1.4151878645472751,777147
328,FourPoint,1.6147937242598112,1060150
328,SixPoint,1.399015811704581,3436843
328,CV_SevenPoint,1.4144353200553328,1089381
328,CV_EightPoint,1.4134960158204037,780548
329,FourPoint,1.1678122279552399,1048361
329,SixPoint,1.3396359137821361,3488139
329,CV_SevenPoint,1.4143748656148871,1137652
329,CV_EightPoint,1.4148575135317183,778008
330,FourPoint,1.6240868664455004,1079114
330,SixPoint,1.488841490996627,3429592
330,CV_SevenPoint,1.414041812416732,1117739
330,CV_EightPoint,1.4145936175646185,779233
331,FourPoint,1.5497068640885738,1054572
331,SixPoint,1.3373310854810339,3468467
331,CV_SevenPoint,1.4140402852133902,1106496
331,CV_EightPoint,1.4150922911932577,775319
332,FourPoint,1.2155590544351376,1106916
332,SixPoint,1.3793638159622938,3391281
332,CV_SevenPoint,1.4147852656488729,1102424
332,CV_EightPoint,1.4153954165348337,774131
333,FourPoint,0.9686302275926596,1067207
333,SixPoint,1.4114494683992003,3455566
333,CV_SevenPoint,1.4152041265040498,1118329
333,CV_EightPoint,1.4126200021935624,773887
334,FourPoint,1.5358672253119794,1079390
334,SixPoint,1.3885004146235458,3435722
334,CV_SevenPoint,1.4124961637695017,1094952
334,CV_EightPoint,1.4133040254604248,780659
335,FourPoint,1.0464137423083462,1104775
335,SixPoint,1.42513110524919,3435737
335,CV_SevenPoint,1.4131069582865561,1115676
335,CV_EightPoint,1.4123119280819518,779118
336,FourPoint,1.677468679168802,1056753
336,SixPoint,1.1127854255292482,3452789
336,CV_SevenPoint,1.4146179483576928,1135740
336,CV_EightPoint,1.4132913136544298,767991
337,FourPoint,1.6060970146766915,1080723
337,SixPoint,1.4776455550383787,3441422
337,CV_SevenPoint,1.4146000507773733,1094983
337,CV_EightPoint,1.4128540179947091,776509
338,FourPoint,1.5243396162639509,1069562
338,SixPoint,1.496348268027464,3424684
338,CV_SevenPoint,1.415153024041413,1129742
338,CV_EightPoint,1.4266639580953016,784840
339,FourPoint,1.1816542800025023,1090776
339,SixPoint,1.4065897856170759,3452677
339,CV_SevenPoint,1.4137329804976464,1129147
339,CV_EightPoint,1.4147447089730651,781071
340,FourPoint,1.3687019142760986,1074084
340,SixPoint,1.1643739391667998,3454321
340,CV_SevenPoint,1.4145103335964835,1126304
340,CV_EightPoint,1.416981003820353,778221
341,FourPoint,0.69843419022725994,1073618
341,SixPoint,1.4255476984874291,3413612
341,CV_SevenPoint,1.4146600380048007,1109077
341,CV_EightPoint,1.4138113843238311,773590
342,FourPoint,1.4481299712580133,1062323
342,SixPoint,1.402524080870222,3470316
342,CV_SevenPoint,1.4127305920774897,1126519
342,CV_EightPoint,1.4134462893130433,773802
343,FourPoint,1.4981273479483199,1026346
343,SixPoint,1.5054123512886861,3444862
343,CV_SevenPoint,1.413841903792294,1121731
343,CV_EightPoint,1.4132737721565571,773524
344,FourPoint,1.6702892375302023,1083474
344,SixPoint,1.3638351576532433,3480716
344,CV_SevenPoint,1.414346476890971,1115119
344,CV_EightPoint,1.4151186500578852,774985
345,FourPoint,1.4959136461124052,1067602
345,SixPoint,1.2725711700468614,3425431
345,CV_SevenPoint,1.4148794134276008,1101129
345,CV_EightPoint,1.414146488336891,778961
346,FourPoint,1.5384556333871648,1087595
346,SixPoint,1.4287633329250602,3470764
346,CV_SevenPoint,1.4149409152780836,1078311
346,CV_EightPoint,1.4133635199269927,769809
347,FourPoint,1.4544574963209951,1078464
347,SixPoint,1.5999520235262319,3454630
347,CV_SevenPoint,1.4147103527352549,1107863
347,CV_EightPoint,1.4152316414212598,773333
348,FourPoint,1.3720726795672822,1043168
348,SixPoint,1.1463607676760932,3430777
348,CV_SevenPoint,1.4134080651795617,1136468
348,CV_EightPoint,1.4151749892147694,771813
349,FourPoint,0.859755684418121,1112834
349,SixPoint,1.5781292764993551,3497084
349,CV_SevenPoint,1.4140491698356226,1103742
349,CV_EightPoint,1.4146280821124773,772174
350,FourPoint,1.6804535511078513,1079677
350,SixPoint,1.4545888779264484,3473312
350,CV_SevenPoint,1.4133679541240201,1114854
350,CV_EightPoint,1.4145506503929135,787248
351,FourPoint,1.191233195972079,1067049
351,SixPoint,1.4368144300787549,3448948
351,CV_SevenPoint,1.4126798022263474,1125358
351,CV_EightPoint,1.4136104244805683,778447
352,FourPoint,1.6965004245119835,1140514
352,SixPoint,1.5874229347853825,3398618
352,CV_SevenPoint,1.4142893750957102,1067950
352,CV_EightPoint,1.4135713196138044,776382
353,FourPoint,1.258594561566784,1050344
353,SixPoint,1.1350610893950523,3455116
353,CV_SevenPoint,1.4137143235015215,1093220
353,CV_EightPoint,1.4139481404028575,776707
354,FourPoint,1.3533979023789844,1058396
354,SixPoint,1.1709157340989578,3427275
354,CV_SevenPoint,1.4131925680708277,1132797
354,CV_EightPoint,1.4129385838179833,771363
355,FourPoint,1.556980838540073,1066570
355,SixPoint,1.5686680234498342,3445591
355,CV_SevenPoint,1.4105586474387299,1114916
355,CV_EightPoint,1.4129871796341922,777938
356,FourPoint,1.4564618179586599,1083182
356,SixPoint,1.516062416556049,3474786
356,CV_SevenPoint,1.4150626998483882,1081665
356,CV_EightPoint,1.4149992820351882,775123
357,FourPoint,1.343785618606927,1048470
357,SixPoint,1.5969922440277085,3427751
357,CV_SevenPoint,1.4143833616454227,1109675
357,CV_EightPoint,1.4134039047937257,772132
358,FourPoint,1.2612320886002948,1098621
358,SixPoint,1.1161842592493831,3378821
358,CV_SevenPoint,1.4156661885940336,1131281
358,CV_EightPoint,1.4151865446063978,779361
359,FourPoint,1.3640760578881375,1078358
359,SixPoint,1.3493613386988377,3454743
359,CV_SevenPoint,1.4131669904095721,1105182
359,CV_EightPoint,1.4132692811989349,774893
360,FourPoint,1.0776744802998144,1118915
360,SixPoint,0.62942765841106285,3483275
360,CV_SevenPoint,1.4143252360267022,1116047
360,CV_EightPoint,1.4141050202625063,781921
361,FourPoint,1.250117463554288,1092289
361,SixPoint,1.1996502478845632,3443663
361,CV_SevenPoint,1.4138240046391697,1129693
361,CV_EightPoint,1.4161879025550643,783251
362,FourPoint,1.4620036919705561,1065162
362,SixPoint,1.5159870220741301,3495144
362,CV_SevenPoint,1.4135839167046322,1115102
362,CV_EightPoint,1.4148262055451626,777622
363,FourPoint,1.4708152517674817,1097033
363,SixPoint,1.1416960987955294,3471769
363,CV_SevenPoint,1.4148211119496132,1066974
363,CV_EightPoint,1.4154490465261282,775829
364,FourPoint,1.2712629861091527,1084028
364,SixPoint,1.4275554213544417,3439393
364,CV_SevenPoint,1.4148440048634814,1137102
364,CV_EightPoint,1.413167440212501,771974
365,FourPoint,1.4555933199885023,1068018
365,SixPoint,1.4947014521034379,3449128
365,CV_SevenPoint,1.4147738053734837,1124115
365,CV_EightPoint,1.4145869896107206,777833
366,FourPoint,1.6547337973221641,1082644
366,SixPoint,1.1093955329961684,3460548
366,CV_SevenPoint,1.413292879223756,1087353
366,CV_EightPoint,1.4123273499665472,775804
367,FourPoint,1.5755110088476154,1088139
367,SixPoint,1.3250584707288249,3430333
367,CV_SevenPoint,1.4137131378050083,1130791
367,CV_EightPoint,1.414137813693864,771707
368,FourPoint,1.4411938541086133,1099364
368,SixPoint,1.5274601148884774,3456892
368,CV_SevenPoint,1.4142749272084831,1070710
368,CV_EightPoint,1.413699618024725,772137
369,FourPoint,0.99351593132568827,1102368
369,SixPoint,0.52250673987858709,3389532
369,CV_SevenPoint,1.4136230465701818,1141320
369,CV_EightPoint,1.4144950690700357,777543
370,FourPoint,0.95422246323664539,1097620
370,SixPoint,1.4863586241975753,3472013
370,CV_SevenPoint,1.4147691877056823,1085836
370,CV_EightPoint,1.413055980334136,775972
371,FourPoint,1.3762859515711263,1101770
371,SixPoint,0.94500454346045804,3426795
371,CV_SevenPoint,1.4136045417477645,1114086
371,CV_EightPoint,1.413125067784879,778903
372,FourPoint,1.1582013126000341,1068013
372,SixPoint,1.470067951941088,3451919
372,CV_SevenPoint,1.4140151528819593,1098524
372,CV_EightPoint,1.4151378854959695,784764
373,FourPoint,1.0134209568156489,1119345
373,SixPoint,1.3099822900712563,3414833
373,CV_SevenPoint,1.4121748457056595,1109652
373,CV_EightPoint,1.4141642680592492,780436
374,FourPoint,1.3959869299778875,1062310
374,SixPoint,1.563817080665501,3448237
374,CV_SevenPoint,1.4145268391013279,1137245
374,CV_EightPoint,1.4140405859941365,773643
375,FourPoint,1.5166827592378487,1065961
375,SixPoint,1.5872135296019574,3434536
375,CV_SevenPoint,1.4137477663004445,1104003
375,CV_EightPoint,1.4148483494484825,776778
376,FourPoint,1.2651377097409251,1111599
376,SixPoint,1.4334294148120008,3421372
376,CV_SevenPoint,1.4150478485027995,1104389
376,CV_EightPoint,1.4138110515807065,773690
377,FourPoint,1.387587122211253,1047039
377,SixPoint,1.4145774408429048,3455217
377,CV_SevenPoint,1.4154703143109229,1102324
377,CV_EightPoint,1.415835037312023,773308
378,FourPoint,1.4295581738577805,1094391
378,SixPoint,1.2409681956153538,3454572
378,CV_SevenPoint,1.4131849424072174,1071283
378,CV_EightPoint,1.4140412899620665,769756
379,FourPoint,0.64447464437538149,1106029
379,SixPoint,0.55063446732035926,3460489
379,CV_SevenPoint,1.4134533456576155,1113689
379,CV_EightPoint,1.4134750053643235,773505
380,FourPoint,1.6160277421073335,1071395
380,SixPoint,1.1980738263312809,3420719
380,CV_SevenPoint,1.4136969430821997,1100853
380,CV_EightPoint,1.4140416412059005,776473
381,FourPoint,1.6226679779942399,1072470
381,SixPoint,1.4870791039396631,3441261
381,CV_SevenPoint,1.414430742702852,1110189
381,CV_EightPoint,1.4140533248378684,775867
382,FourPoint,1.7279552127219622,1086581
382,SixPoint,1.5991435494720228,3472002
382,CV_SevenPoint,1.4136070238093807,1107041
382,CV_EightPoint,1.4166669831595229,772192
383,FourPoint,1.5079375309917948,1091869
383,SixPoint,1.3296453330175591,3488637
383,CV_SevenPoint,1.4142299540252656,1104826
383,CV_EightPoint,1.4137243781114373,794361
384,FourPoint,1.5529070986676383,1041911
384,SixPoint,1.2241648291819964,3454487
384,CV_SevenPoint,1.4140237996096203,1117399
384,CV_EightPoint,1.4132677712177182,772087
385,FourPoint,1.2868110811228468,1045193
385,SixPoint,1.0566723850690094,3459196
385,CV_SevenPoint,1.4122353938767849,1111532
385,CV_EightPoint,1.4136927439197104,774930
386,FourPoint,1.5972296720711432,1079699
386,SixPoint,1.1886003013633901,3430357
386,CV_SevenPoint,1.4140879485557316,1094278
386,CV_EightPoint,1.4150726906803712,768839
387,FourPoint,1.3740230055176683,1074753
387,SixPoint,1.610727713008018,3467069
387,CV_SevenPoint,1.4137902479422448,1116678
387,CV_EightPoint,1.4127729599608312,771611
388,FourPoint,1.1425159087427348,1073863
388,SixPoint,1.2061645303049984,3478789
388,CV_SevenPoint,1.4149732320014974,1094750
388,CV_EightPoint,1.4155716397198277,773233
389,FourPoint,1.2211205091356307,1069837
389,SixPoint,1.1649390944955795,3377163
389,CV_SevenPoint,1.4141354574511218,1110192
389,CV_EightPoint,1.4130594774191525,776743
390,FourPoint,1.6242418577312783,1076355
390,SixPoint,1.3272840331011868,3444161
390,CV_SevenPoint,1.4152197066884735,1119958
390,CV_EightPoint,1.4133595778010515,777071
391,FourPoint,1.7117806201203773,1075522
391,SixPoint,1.3058633514240809,3448150
391,CV_SevenPoint,1.4145491647508419,1115116
391,CV_EightPoint,1.4160079301341131,772377
392,FourPoint,0.93718682855715207,1067672
392,SixPoint,1.7050524850219382,3390229
392,CV_SevenPoint,1.4139791209416097,1105774
392,CV_EightPoint,1.4149470430584368,774846
393,FourPoint,1.1491247253842907,1067232
393,SixPoint,1.447102150523764,3457500
393,CV_SevenPoint,1.4151160088457073,1136864
393,CV_EightPoint,1.4129830633666887,773576
394,FourPoint,1.4138781816699664,1062344
394,SixPoint,1.2650237155227471,3443581
394,CV_SevenPoint,1.413752219926057,1102134
394,CV_EightPoint,1.4146816659661763,780823
395,FourPoint,1.5895638238622496,1078058
395,SixPoint,1.2732576587063034,3417172
395,CV_SevenPoint,1.4144135287666133,1079679
395,CV_EightPoint,1.4137471200775988,776893
396,FourPoint,0.96458779154826768,1088164
396,SixPoint,1.2016099823076318,3443753
396,CV_SevenPoint,1.4141697945836103,1096592
396,CV_EightPoint,1.4133406566460545,771977
397,FourPoint,1.507995223341227,1075325
397,SixPoint,1.1278275400655677,3439039
397,CV_SevenPoint,1.4156840286186729,1092195
397,CV_EightPoint,1.4130001237802394,773833
398,FourPoint,0.75124680657961318,1118537
398,SixPoint,1.2690195883603477,3432480
398,CV_SevenPoint,1.4151837448701403,1085026
398,CV_EightPoint,1.4122366319278827,772978
399,FourPoint,0.88546565350425566,1101587
399,SixPoint,1.5023966674323386,3477318
399,CV_SevenPoint,1.4148822376663888,1099365
399,CV_EightPoint,1.4144299975329446,774109
400,FourPoint,1.1857701626926551,1044407
400,SixPoint,1.4085229496050204,3468910
400,CV_SevenPoint,1.4123672354195951,1104725
400,CV_EightPoint,1.4140848851597956,773532
401,FourPoint,1.3446402241755169,1067470
401,SixPoint,1.4809975724222786,3425144
401,CV_SevenPoint,1.4144041332326165,1131713
401,CV_EightPoint,1.4137289027033295,773039
402,FourPoint,0.83209359181079234,1053213
402,SixPoint,1.3635966888730413,3427949
402,CV_SevenPoint,1.4137664200020275,1127742
402,CV_EightPoint,1.4144250274566366,776866
403,FourPoint,1.4132383954479546,1092110
403,SixPoint,1.321630740362264,3437477
403,CV_SevenPoint,1.4146005908695805,1060554
403,CV_EightPoint,1.415064017181519,771064
404,FourPoint,0.70598478693003441,1046987
404,SixPoint,1.5724421313376751,3404787
404,CV_SevenPoint,1.4148110597662831,1118942
404,CV_EightPoint,1.413384872758962,778233
405,FourPoint,1.2929165508558038,1048530
405,SixPoint,1.3667951487138206,3404131
405,CV_SevenPoint,1.4144005651070564,1092752
405,CV_EightPoint,1.4145463908548228,783755
406,FourPoint,1.7156886888081717,1082238
406,SixPoint,1.2861943949671792,3500591
406,CV_SevenPoint,1.4141495216535305,1115966
406,CV_EightPoint,1.4161005233497921,773164
407,FourPoint,1.4182046455558697,1067203
407,SixPoint,1.3548474824783308,3403292
407,CV_SevenPoint,1.4136862632767335,1109002
407,CV_EightPoint,1.4139048980703832,771895
408,FourPoint,1.2345107207745023,1085653
408,SixPoint,1.4355471741818828,3454634
408,CV_SevenPoint,1.4127536185055927,1096718
408,CV_EightPoint,1.413242972609593,777916
409,FourPoint,0.40592576072445863,1074314
409,SixPoint,1.3225975472154166,3399802
409,CV_SevenPoint,1.4141478478280007,1106187
409,CV_EightPoint,1.415363510972522,774633
410,FourPoint,1.3009525139599161,1091470
410,SixPoint,1.1600059349411023,3453865
410,CV_SevenPoint,1.4135476401880254,1098557
410,CV_EightPoint,1.4131602111280923,775239
411,FourPoint,1.6187522477760148,1025900
411,SixPoint,0.99247116092059195,3456040
411,CV_SevenPoint,1.414898593875223,1086756
411,CV_EightPoint,1.4142407072212675,772660
412,FourPoint,1.3996780937280617,1082070
412,SixPoint,1.6258455960971259,3422361
412,CV_SevenPoint,1.4147960124089507,1088721
412,CV_EightPoint,1.4137269203229326,772953
413,FourPoint,0.99313216719934372,1107382
413,SixPoint,1.4884101941689236,3449930
413,CV_SevenPoint,1.4151751058643158,1102167
413,CV_EightPoint,1.4158077930721644,785291
414,FourPoint,0.67218126200946204,1105263
414,SixPoint,1.0472393193892493,3502372
414,CV_SevenPoint,1.4140256458348908,1100212
414,CV_EightPoint,1.4144347696165955,770734
415,FourPoint,0.9498356074820592,1053585
415,SixPoint,1.625674433927045,3462268
415,CV_SevenPoint,1.4137995710063536,1092557
415,CV_EightPoint,1.4152654905699644,779627
416,FourPoint,1.6881045404603121,1085835
416,SixPoint,1.5547249612558454,3471819
416,CV_SevenPoint,1.414855443033777,1096832
416,CV_EightPoint,1.415007248798966,780521
417,FourPoint,1.4920305059723391,1065251
417,SixPoint,1.2104269058554449,3427861
417,CV_SevenPoint,1.4135930380804811,1112006
417,CV_EightPoint,1.4148421227988284,774394
418,FourPoint,1.3462597191263264,1050226
418,SixPoint,1.5732385584209163,3446148
418,CV_SevenPoint,1.4142322976107919,1102317
418,CV_EightPoint,1.4130762114638391,774531
419,FourPoint,1.5497905640712062,1107832
419,SixPoint,1.6875349089564475,3499411
419,CV_SevenPoint,1.4151961449133672,1083853
419,CV_EightPoint,1.4133715544983403,775891
420,FourPoint,1.2150580666216373,1103945
420,SixPoint,1.532514739605068,3437626
420,CV_SevenPoint,1.4146827864693265,1105322
420,CV_EightPoint,1.4089658038082957,780620
421,FourPoint,1.6671764841432479,1089371
421,SixPoint,1.3883108229584076,3461996
421,CV_SevenPoint,1.4153266396911774,1124861
421,CV_EightPoint,1.4144587475810433,778595
422,FourPoint,0.96905508435181353,1073349
422,SixPoint,1.5222731258555202,3445405
422,CV_SevenPoint,1.4140554222328614,1133485
422,CV_EightPoint,1.4139879518258953,774769
423,FourPoint,1.5101873771167511,1083606
423,SixPoint,1.2800333856916883,3456817
423,CV_SevenPoint,1.4143974333802636,1082625
423,CV_EightPoint,1.4130451797993373,767766
424,FourPoint,1.2189208120987236,1033555
424,SixPoint,1.4092381074095126,3476457
424,CV_SevenPoint,1.4135459104606289,1105140
424,CV_EightPoint,1.4151433724775486,770020
425,FourPoint,1.6975487238149249,1082188
425,SixPoint,1.4023369191056931,3412159
425,CV_SevenPoint,1.4143414988897949,1090984
425,CV_EightPoint,1.415083635643763,779688
426,FourPoint,1.2532642602094186,1061474
426,SixPoint,1.5176758133762851,3519826
426,CV_SevenPoint,1.4143927884249232,1102292
426,CV_EightPoint,1.4138386097868874,772217
427,FourPoint,1.5596462300968972,1059161
427,SixPoint,1.4188543256290573,3492112
427,CV_SevenPoint,1.4144501586625147,1136413
427,CV_EightPoint,1.4160812944554471,782813
428,FourPoint,1.4245925540095585,1051900
428,SixPoint,1.1559524176252667,3462143
428,CV_SevenPoint,1.4135616389716987,1121203
428,CV_EightPoint,1.4127944303421787,780058
429,FourPoint,1.4688201302566724,1072594
429,SixPoint,1.1048386710944393,3478660
429,CV_SevenPoint,1.4137543820261109,1084816
429,CV_EightPoint,1.4166301153994436,776827
430,FourPoint,1.1181583836317868,1046945
430,SixPoint,1.4790613166629198,3432061
430,CV_SevenPoint,1.4139823843644272,1123800
430,CV_EightPoint,1.4129242220970086,775090
431,FourPoint,1.4209294694454586,1110446
431,SixPoint,1.2991667708121573,3411052
431,CV_SevenPoint,1.4137855011872604,1083428
431,CV_EightPoint,1.4173917137533814,773674
432,FourPoint,0.99260201676957138,1052759
432,SixPoint,1.4426748607301185,3428572
432,CV_SevenPoint,1.4144345723802583,1097365
432,CV_EightPoint,1.4134224146302143,773388
433,FourPoint,0.46299203724419918,1087724
433,SixPoint,1.2248753535709613,3510867
433,CV_SevenPoint,1.4122282586639952,1108279
433,CV_EightPoint,1.4147863430042578,772744
434,FourPoint,0.6537501775559027,1105351
434,SixPoint,1.6682873531380844,3441459
434,CV_SevenPoint,1.4130352757843865,1127506
434,CV_EightPoint,1.4133716537635919,771335
435,FourPoint,1.6025056509257549,1062128
435,SixPoint,1.6463441124395757,3429148
435,CV_SevenPoint,1.4129558462728902,1130562
435,CV_EightPoint,1.4148192274002791,778337
436,FourPoint,1.2335725908398401,1120011
436,SixPoint,1.3119283079005888,3480546
436,CV_SevenPoint,1.414724697449633,1110732
436,CV_EightPoint,1.4140799715421057,777810
437,FourPoint,1.3138662002325929,1067354
437,SixPoint,1.1565765787726066,3470480
437,CV_SevenPoint,1.4142208126517335,1078911
437,CV_EightPoint,1.414437914916888,775182
438,FourPoint,1.2960368931858537,1099659
438,SixPoint,1.3188415699135017,3429004
438,CV_SevenPoint,1.4144606394765973,1077292
438,CV_EightPoint,1.4147605004538619,779837
439,FourPoint,1.0705394710297087,1036306
439,SixPoint,1.3393110542800628,3428652
439,CV_SevenPoint,1.4124277215481376,1092386
439,CV_EightPoint,1.4150341727425122,776403
440,FourPoint,0.64302581089730459,1060943
440,SixPoint,1.5225708977295629,3444984
440,CV_SevenPoint,1.4132548032926484,1091705
440,CV_EightPoint,1.4151598951058773,780352
441,FourPoint,1.6118799057237929,1092092
441,SixPoint,1.4563873986807803,3405944
441,CV_SevenPoint,1.4158834689907944,1094800
441,CV_EightPoint,1.418013021788481,774707
442,FourPoint,1.2006165904510147,1073593
442,SixPoint,1.3493463511309729,3382236
442,CV_SevenPoint,1.4140090806090009,1113267
442,CV_EightPoint,1.4153684874012964,774855
443,FourPoint,1.6143382244045423,1081686
443,SixPoint,1.3865089869979454,3436423
443,CV_SevenPoint,1.4136452550120222,1101250
443,CV_EightPoint,1.4152451580878891,776665
444,FourPoint,0.99783262803317729,1057853
444,SixPoint,1.5732664971187049,3458293
444,CV_SevenPoint,1.4142099895344171,1105338
444,CV_EightPoint,1.4140900275361263,775115
445,FourPoint,1.6028731148485855,1077791
445,SixPoint,1.2964699732189358,3491423
445,CV_SevenPoint,1.4146187903285354,1102755
445,CV_EightPoint,1.4146897719489746,779283
446,FourPoint,0.96312266078798248,1053878
446,SixPoint,1.4985872586423861,3494740
446,CV_SevenPoint,1.4144822102659951,1106517
446,CV_EightPoint,1.4137127129596461,774179
447,FourPoint,1.5177110445320465,1056833
447,SixPoint,1.464594116455407,3438163
447,CV_SevenPoint,1.4144193993621959,1111090
447,CV_EightPoint,1.4138594299970781,774888
448,FourPoint,1.6819747639540494,1127263
448,SixPoint,1.6663580967052682,3474702
448,CV_SevenPoint,1.4150357084294578,1126780
448,CV_EightPoint,1.4126230251034948,777299
449,FourPoint,1.7047843365555488,1051134
449,SixPoint,1.4304164888551358,3424367
449,CV_SevenPoint,1.4137924190965319,1097300
449,CV_EightPoint,1.4135316950035794,781945
450,FourPoint,1.7175698050442645,1102353
450,SixPoint,1.1244560549332963,3412377
450,CV_SevenPoint,1.4151940986739124,1119165
450,CV_EightPoint,1.4131681551291728,777619
451,FourPoint,1.3384292435380787,1082822
451,SixPoint,1.0549201884013351,3412291
451,CV_SevenPoint,1.4140154160802585,1128057
451,CV_EightPoint,1.4157613020612889,773252
452,FourPoint,1.2886362019584943,1052194
452,SixPoint,1.3438486476986229,3449361
452,CV_SevenPoint,1.4136029666632339,1074961
452,CV_EightPoint,1.4152523749127666,777199
453,FourPoint,1.361228683549806,1089517
453,SixPoint,1.3991991561847312,3475417
453,CV_SevenPoint,1.4143673179189984,1090509
453,CV_EightPoint,1.4136271031276144,777921
454,FourPoint,1.1125965906986586,1096528
454,SixPoint,1.5972669512387574,3464035
454,CV_SevenPoint,1.4147404863228925,1113907
454,CV_EightPoint,1.4156188743743059,774816
455,FourPoint,1.594846321211737,1055721
455,SixPoint,1.2325303315385179,3475904
455,CV_SevenPoint,1.4138216867766558,1108683
455,CV_EightPoint,1.413520433170204,775870
456,FourPoint,1.1191770819779649,1081489
456,SixPoint,1.5990676875547274,3454622
456,CV_SevenPoint,1.4145098303636341,1119147
456,CV_EightPoint,1.4137979052374809,776030
457,FourPoint,1.2414278092769908,1046104
457,SixPoint,0.85990168199254025,3486186
457,CV_SevenPoint,1.412930197391838,1091267
457,CV_EightPoint,1.4122738699097965,775924
458,FourPoint,0.92812255494844953,1069013
458,SixPoint,1.1914311331057643,3471660
458,CV_SevenPoint,1.4142963370124408,1074832
458,CV_EightPoint,1.4144272449939652,774374
459,FourPoint,1.3069761501405368,1099039
459,SixPoint,1.591778613104315,3467213
459,CV_SevenPoint,1.4148592456534101,1097348
459,CV_EightPoint,1.4128848489294223,778678
460,FourPoint,1.3320245906892938,1082436
460,SixPoint,1.2897056571596308,3464040
460,CV_SevenPoint,1.4145889865031485,1078251
460,CV_EightPoint,1.4145815560889403,782554
461,FourPoint,1.511666460014085,1076575
461,SixPoint,1.528252871762251,3406046
461,CV_SevenPoint,1.4132166415427025,1076695
461,CV_EightPoint,1.41419608631589,776346
462,FourPoint,1.544203867022935,1114562
462,SixPoint,1.5939159761527877,3469188
462,CV_SevenPoint,1.4149804738615233,1134862
462,CV_EightPoint,1.4156411493811942,773464
463,FourPoint,1.572826399014307,1098585
463,SixPoint,1.2892619477905132,3463126
463,CV_SevenPoint,1.4126514250182995,1101041
463,CV_EightPoint,1.4156469485804184,773529
464,FourPoint,1.2847360511803838,1103752
464,SixPoint,1.6580126975826475,3443802
464,CV_SevenPoint,1.4128461297999053,1091353
464,CV_EightPoint,1.4140347057749096,777473
465,FourPoint,1.3941382318240627,1049470
465,SixPoint,1.4740711814064025,3525657
465,CV_SevenPoint,1.4141998470184047,1083818
465,CV_EightPoint,1.4138494086094731,777365
466,FourPoint,1.4399241924751756,1094382
466,SixPoint,1.7031399889622318,3442251
466,CV_SevenPoint,1.4160901979453464,1114459
466,CV_EightPoint,1.4131874427741837,776900
467,FourPoint,1.3059960477938277,1080777
467,SixPoint,1.4190084499347184,3466546
467,CV_SevenPoint,1.4136854635782949,1138855
467,CV_EightPoint,1.4145918495919958,777017
468,FourPoint,1.6522458521638863,1026486
468,SixPoint,1.4423637710062678,3449312
468,CV_SevenPoint,1.4146405107280053,1121579
468,CV_EightPoint,1.4151466981375549,773326
469,FourPoint,1.5667176196155099,1055119
469,SixPoint,1.3319268377479498,3473035
469,CV_SevenPoint,1.4132933536127099,1130199
469,CV_EightPoint,1.4125577805585232,775474
470,FourPoint,1.1944372019844509,1076204
470,SixPoint,1.0916913486427735,3408915
470,CV_SevenPoint,1.4144305571812139,1103076
470,CV_EightPoint,1.4131185361446321,776816
471,FourPoint,1.5645663032927783,1048817
471,SixPoint,1.6876631871232988,3399986
471,CV_SevenPoint,1.4146832220569849,1113394
471,CV_EightPoint,1.4140736870168868,779061
472,FourPoint,0.98832130267245477,1081327
472,SixPoint,1.6347165530440502,3412719
472,CV_SevenPoint,1.4147746303625723,1081528
472,CV_EightPoint,1.4145652844562411,774468
473,FourPoint,1.4535639248126733,1106906
473,SixPoint,1.6773572665506473,3486822
473,CV_SevenPoint,1.4132342904497293,1113932
473,CV_EightPoint,1.4152447484212591,784377
474,FourPoint,1.3275988388764961,1071775
474,SixPoint,1.4297603237217655,3463539
474,CV_SevenPoint,1.4138061554132124,1146558
474,CV_EightPoint,1.4157219370204803,780207
475,FourPoint,0.90401368409556504,1082072
475,SixPoint,1.7167195326262148,3427320
475,CV_SevenPoint,1.413869916651932,1115590
475,CV_EightPoint,1.4136641093059092,778973
476,FourPoint,1.2713429996467267,1073235
476,SixPoint,1.572762963301918,3410276
476,CV_SevenPoint,1.4133965595685023,1155319
476,CV_EightPoint,1.413587352879712,775649
477,FourPoint,1.2852549366616774,1067613
477,SixPoint,1.288893007203942,3492166
477,CV_SevenPoint,1.4143629619207907,1103205
477,CV_EightPoint,1.42068916552919,781323
478,FourPoint,1.104547380275152,1097877
478,SixPoint,1.3810035344525777,3448676
478,CV_SevenPoint,1.4143341052931144,1112195
478,CV_EightPoint,1.413616452899801,771911
479,FourPoint,0.89420650528164969,1107920
479,SixPoint,0.76781964005532533,3477113
479,CV_SevenPoint,1.4131831226488598,1118675
479,CV_EightPoint,1.4127969178641946,779694
480,FourPoint,1.2249862913427627,1019846
480,SixPoint,1.0380556634888645,3466920
480,CV_SevenPoint,1.414497790360552,1123839
480,CV_EightPoint,1.4130973635034225,785492
481,FourPoint,1.0851429950187781,1064759
481,SixPoint,1.3540165230096983,3454816
481,CV_SevenPoint,1.4130112837306958,1095499
481,CV_EightPoint,1.4157008722252962,775405
482,FourPoint,1.3850015964846223,1103093
482,SixPoint,1.2284729677855037,3443635
482,CV_SevenPoint,1.414858275194721,1106236
482,CV_EightPoint,1.4133408330857615,779714
483,FourPoint,1.715900190778012,1049939
483,SixPoint,1.252460386609533,3453322
483,CV_SevenPoint,1.4145128507072824,1098142
483,CV_EightPoint,1.4152917461604841,774136
484,FourPoint,0.9720030300048359,1093937
484,SixPoint,1.7308509681366464,3422078
484,CV_SevenPoint,1.4141588607347733,1062845
484,CV_EightPoint,1.4138485054311209,773629
485,FourPoint,1.284209361806538,1089515
485,SixPoint,1.1634282962920368,3420394
485,CV_SevenPoint,1.4139305559003561,1084216
485,CV_EightPoint,1.4141787427242665,780072
486,FourPoint,1.1993450089069808,1087335
486,SixPoint,1.6500634800383878,3473403
486,CV_SevenPoint,1.4140913472032597,1099858
486,CV_EightPoint,1.413524122137348,771753
487,FourPoint,1.4297870642848256,1049998
487,SixPoint,1.3707787904098627,3487141
487,CV_SevenPoint,1.4138120811164359,1129688
487,CV_EightPoint,1.4137933841199206,774875
488,FourPoint,1.332363814369647,1068183
488,SixPoint,1.1365338768408095,3526359
488,CV_SevenPoint,1.4139851223191175,1125686
488,CV_EightPoint,1.4146182153734992,779456
489,FourPoint,1.3570364976313181,1092490
489,SixPoint,1.2919840513799945,3431108
489,CV_SevenPoint,1.4132277999769955,1106942
489,CV_EightPoint,1.4142738566933293,775338
490,FourPoint,1.6573617269281318,1059006
490,SixPoint,1.5870810073113779,3432883
490,CV_SevenPoint,1.4152648682956064,1125977
490,CV_EightPoint,1.4124764433587675,778789
491,FourPoint,1.1972303380486338,1098399
491,SixPoint,1.4227899105381332,3475269
491,CV_SevenPoint,1.4137584356359407,1111570
491,CV_EightPoint,1.4152694348797754,774977
492,FourPoint,1.3139121388224353,1047241
492,SixPoint,1.3618150542054455,3468129
492,CV_SevenPoint,1.4142334868427584,1117820
492,CV_EightPoint,1.4155042998057683,773785
493,FourPoint,1.2585186121252276,1081976
493,SixPoint,1.3107345116650078,3475885
493,CV_SevenPoint,1.4134595267075938,1076697
493,CV_EightPoint,1.4151757795464808,785092
494,FourPoint,0.79903081952112986,1103918
494,SixPoint,1.7132386987764279,3460222
494,CV_SevenPoint,1.4135553137002275,1113846
494,CV_EightPoint,1.4157439908482257,771887
495,FourPoint,1.2845648290384744,1055828
495,SixPoint,1.5229451030204424,3371810
495,CV_SevenPoint,1.4137973895847962,1120993
495,CV_EightPoint,1.4143357955616949,779080
496,FourPoint,1.5251555440674369,1024592
496,SixPoint,1.2313244848291476,3440082
496,CV_SevenPoint,1.4141680164735928,1125642
496,CV_EightPoint,1.4192616119237822,772027
497,FourPoint,1.6188735385328359,1078855
497,SixPoint,1.3768898547169146,3431844
497,CV_SevenPoint,1.4140451381560837,1109125
497,CV_EightPoint,1.4132264843336537,771433
498,FourPoint,1.1359851656972726,1067779
498,SixPoint,1.7021936069204884,3416964
498,CV_SevenPoint,1.4148116763793321,1065298
498,CV_EightPoint,1.4157569130261871,772440
499,FourPoint,1.4899599363363176,1044669
499,SixPoint,1.2560082504577541,3439717
499,CV_SevenPoint,1.413670370474047,1108180
499,CV_EightPoint,1.414939418039866,773105
